amount_scaled,volume_scaled,hour,minute,is_sell,Class
0.8141359663016118,-0.3355313827622874,3,8,1,0
0.8139261544842995,-0.33718415212970704,3,8,1,0
0.8139261544842995,-0.3200247632572853,3,8,1,0
0.813792637873283,-0.3355276050037333,3,8,1,0
0.813792637873283,-0.3358763730702459,3,8,1,0
0.8137831009724956,-0.1995663444814966,3,8,1,1
0.8137735640717081,-0.3200247632572853,3,8,1,0
0.8137258795677734,-0.3200239537375951,3,8,1,0
0.8136877319646263,-0.3012741959738706,3,8,1,0
0.8136591212622651,-0.18389482581560798,3,8,1,1
0.8136018998575444,-0.2394359987417997,3,8,1,0
0.8136018998575444,0.49714449671164956,3,8,1,1
0.8140405972937425,-0.33641257192902135,3,8,0,0
0.8140024496905953,-0.33199950232207803,3,9,0,0
0.8140024496905953,-0.3372359883738672,3,9,0,0
0.8140024496905953,-0.33571591277566043,3,9,0,0
0.8140024496905953,-0.33621923164302037,3,9,0,0
0.8142694829126297,-0.3354304356569238,3,9,0,0
0.8140024496905953,-0.3360848108984685,3,9,0,0
0.8140024496905953,-0.3367320083987604,3,9,0,0
0.8139929127898078,-0.3370751233194367,3,9,1,0
0.8140024496905953,-0.33684880859805627,3,9,0,0
0.8139929127898078,-0.3357078985307278,3,9,1,0
0.8139929127898078,-0.3371180413550103,3,9,1,0
0.8139929127898078,-0.33590376181976317,3,9,1,0
0.8139929127898078,-0.33591030543725864,3,9,1,0
0.8139929127898078,-0.3369335922936062,3,9,0,0
0.8139833758890217,-0.3371112953575922,3,9,1,0
0.8139833758890217,-0.33721882655643576,3,9,1,0
0.8139929127898078,-0.3370848780317031,3,9,0,0
0.8139833758890217,-0.3371861759289324,3,9,1,0
0.8139929127898078,-0.3327068336433543,3,9,0,0
0.8139929127898078,-0.3371433658293176,3,10,0,0
0.8139929127898078,-0.33335814620207116,3,10,0,0
0.8139833758890217,-0.3357726466139461,3,10,1,0
0.8139833758890217,-0.3371180413550103,3,10,1,0
0.8139833758890217,-0.33590376181976317,3,10,1,0
0.8139833758890217,-0.2997414109165282,3,10,1,0
0.8139833758890217,-0.3363926307606536,3,10,1,0
0.8139929127898078,-0.33717914659962284,3,10,0,0
0.8139833758890217,-0.33590376181976317,3,10,1,0
0.8139833758890217,-0.3371449983606927,3,10,1,0
0.8139929127898078,-0.3367486979963726,3,10,0,0
0.8139929127898078,-0.26627094234700316,3,10,0,0
0.8139833758890217,-0.3370465472743739,3,10,1,0
0.8139929127898078,-0.3356393322129708,3,10,0,0
0.8139929127898078,-0.33560654666551915,3,10,0,0
0.8139929127898078,-0.33685274826054845,3,11,0,0
0.8139929127898078,-0.3369632072222714,3,11,0,0
0.8139929127898078,-0.33165356757448095,3,11,0,0
0.8139833758890217,-0.32561656099308267,3,11,1,0
0.8139833758890217,-0.3355300605467934,3,11,1,0
0.8139833758890217,-0.3371180413550103,3,11,1,0
0.8139833758890217,-0.33590376181976317,3,11,1,0
0.8136400474606916,-0.3340214936201818,3,11,0,0
0.8136400474606916,-0.3370823820126585,3,11,0,0
0.8136400474606916,-0.3370954692476495,3,11,0,0
0.8136305105599041,-0.33552999308681924,3,11,1,0
0.8136305105599041,-0.3371180413550103,3,11,1,0
0.8136305105599041,-0.33590376181976317,3,11,1,0
0.8135542153536097,-0.33718415212970704,3,11,1,0
0.8131822762229186,-0.33718415212970704,3,11,1,0
0.8130869072150493,-0.30601537740323254,3,11,1,0
0.8130964441158368,-0.3366036185759002,3,11,0,0
0.8130964441158368,-0.33402110235233157,3,11,0,0
0.8130869072150493,-0.3369261042364722,3,11,1,0
0.8130964441158368,-0.3359340108721856,3,11,0,0
0.8130964441158368,-0.3330123328824276,3,11,0,0
0.8130869072150493,-0.3369946975382188,3,11,1,0
0.8130964441158368,-0.3339892612445184,3,11,0,0
0.8130964441158368,-0.33644029797840946,3,11,0,0
0.8130964441158368,-0.290681064164282,3,12,0,0
0.8130964441158368,-0.3354609410572482,3,12,0,0
0.8130964441158368,-0.33430993897778233,3,12,0,0
0.8130964441158368,-0.3355298581668709,3,12,0,0
0.8130964441158368,-0.336219096723072,3,12,0,0
0.8145842006385973,-0.33528582845627075,3,12,0,0
0.8145746637378112,-0.33573480156843094,3,12,1,0
0.8145746637378112,-0.3355043582966307,3,12,1,0
0.8145842006385973,-0.33663597237951715,3,12,0,0
0.8145842006385973,-0.33674184406299584,3,12,0,0
0.8145746637378112,-0.3368850885721705,3,12,1,0
0.8145842006385973,-0.33604131270711696,3,12,0,0
0.814660495844893,-0.33718415212970704,3,12,0,0
0.8150419718763703,-0.33718415212970704,3,12,0,1
0.8153185419991922,-0.3302701523919688,3,12,0,1
0.8153280788999783,-0.3333771564227952,3,12,0,1
0.8153280788999783,-0.333807807405968,3,12,0,1
0.8153280788999783,-0.3355303708626747,3,12,0,1
0.8153280788999783,-0.32859906089556173,3,12,0,1
0.8153280788999783,-0.32901817622314966,3,12,0,1
0.8153280788999783,-0.33719957347980467,3,12,0,1
0.8153185419991922,-0.33694101289076606,3,12,1,1
0.8153280788999783,-0.3355641548177442,3,13,0,1
0.8153280788999783,-0.3370889391221488,3,13,0,1
0.8153280788999783,-0.3355682833681641,3,13,0,1
0.8153280788999783,-0.3214512448873142,3,13,0,1
0.8153280788999783,-0.33455017743783355,3,13,0,1
0.8153280788999783,-0.3372359883738672,3,13,0,1
0.8153185419991922,-0.33681213735609183,3,13,1,1
0.8153280788999783,-0.33645837725148986,3,14,0,1
0.8153280788999783,-0.33714961262292664,3,14,0,1
0.8153280788999783,-0.33434557133614445,3,14,0,1
0.8153185419991922,-0.33695099696694475,3,14,1,1
0.8153280788999783,-0.33682657379056646,3,14,0,1
0.8153280788999783,-0.3371112953575922,3,14,0,1
0.8153280788999783,-0.3369084432152318,3,14,0,1
0.8153185419991922,-0.3368582799784312,3,14,1,1
0.8153185419991922,-0.3371180413550103,3,14,1,1
0.8153185419991922,-0.3369630857943179,3,14,1,1
0.8153185419991922,-0.3361936373288163,3,14,1,1
0.8153185419991922,-0.3369630857943179,3,14,1,1
0.8153185419991922,-0.3368790306664891,3,14,1,1
0.8153280788999783,-0.3372361502778053,3,14,0,1
0.8153280788999783,-0.3362245474889858,3,14,0,1
0.8153280788999783,-0.33721893449239443,3,14,0,1
0.7612919990412239,-0.33551783679947195,9,8,1,0
0.7611680193309935,-0.33718415212970704,9,8,1,0
0.7608723754065981,-0.3355178907674513,9,8,1,0
0.7608246909026635,-0.31971336801646855,9,8,1,0
0.7606339528869248,-0.33398053192385946,9,8,1,0
0.7606434897877123,-0.3360357809892342,9,9,0,0
0.7606434897877123,-0.33551766140353906,9,9,0,0
0.7606434897877123,-0.3363853180994525,9,9,0,0
0.7607770063987288,-0.336382390336573,9,9,0,0
0.7607770063987288,-0.33638827284632156,9,9,0,0
0.7607770063987288,-0.33638533159144735,9,9,0,0
0.7607865432995162,-0.33718415212970704,9,9,0,0
0.761158482430206,-0.33718415212970704,9,9,0,0
0.7615304215608972,-0.33718415212970704,9,9,0,0
0.7616448643703401,-0.3372043091699921,9,9,0,0
0.7616544012711263,-0.30341524063440795,9,9,0,0
0.7616544012711263,-0.3365076500166312,9,9,0,0
0.7616544012711263,-0.33626321554618593,9,9,0,0
0.7616544012711263,-0.332051770310073,9,9,1,0
0.7616639381719137,-0.3372268812773529,9,9,0,0
0.7616639381719137,-0.33661192964471925,9,9,0,0
0.7616639381719137,-0.3363750371993874,9,9,0,0
0.7616639381719137,-0.33706294004809967,9,10,0,0
0.7616639381719137,-0.33722993046818583,9,10,0,0
0.7616639381719137,-0.3332736863143973,9,10,0,0
0.7616639381719137,-0.33207370829367644,9,10,0,0
0.7616544012711263,-0.33551790425944616,9,10,1,0
0.7616544012711263,-0.3371180413550103,9,10,1,0
0.7616544012711263,-0.33658976229720355,9,10,1,0
0.7616639381719137,-0.305096451126942,9,10,0,0
0.7616639381719137,-0.31067414972813573,9,10,0,0
0.7616639381719137,-0.33568652721090747,9,10,0,0
0.7616639381719137,-0.33551790425944616,9,10,0,0
0.761902360691587,-0.33718415212970704,9,10,0,0
0.7619405082947341,-0.33719567429329705,9,10,1,0
0.7619500451955217,-0.33562799893730855,9,10,0,0
0.7619500451955217,-0.3240367293497468,9,10,0,0
0.7619500451955217,-0.31971336801646855,9,10,0,0
0.7619500451955217,-0.33551797171942027,9,10,0,0
0.7629037352742148,-0.32804981527777977,9,11,1,0
0.7629132721750023,-0.3355192399669349,9,11,0,0
0.7629132721750023,-0.3355182010833325,9,11,0,0
0.7630086411828716,-0.33718415212970704,9,11,0,0
0.7633805803135614,-0.33718415212970704,9,11,0,0
0.7637525194442512,-0.33718415212970704,9,11,0,0
0.7641149216741548,-0.33718415212970704,9,11,0,0
0.7643819548961892,-0.3371836934018826,9,11,0,0
0.7643438072930421,-0.33594763778697007,9,11,0,0
0.7643438072930421,-0.33682380793162503,9,11,0,0
0.7643438072930421,-0.33706235989232175,9,11,0,0
0.7643438072930421,-0.3362476997521245,9,11,0,0
0.7643438072930421,-0.3371855013291906,9,11,0,0
0.7643438072930421,-0.3355185383832034,9,11,0,0
0.7645250084079932,-0.3365132761784778,9,11,0,0
0.7645440822095668,-0.3370623733843166,9,11,0,0
0.7645536191103542,-0.33378299562746444,9,11,0,0
0.7645440822095668,-0.33551857885918795,9,11,1,0
0.7645440822095668,-0.3371180413550103,9,11,1,0
0.7645440822095668,-0.33590376181976317,9,11,1,0
0.7645154715072058,-0.3363857768272769,9,11,1,0
0.7644963977056322,-0.33718415212970704,9,11,1,0
0.7641244585749424,-0.33718415212970704,9,11,1,0
0.7638955729560551,-0.14712069389852583,9,11,1,1
0.7639051098568427,-0.3363085216648455,9,11,0,0
0.7639051098568427,-0.33646287008577025,9,11,0,0
0.7640958478725813,-0.3370623868763114,9,11,0,0
0.7640958478725813,-0.33690965749476703,9,11,1,0
0.7641053847733688,-0.3368106802206495,9,11,0,0
0.7640958478725813,-0.3369426454221412,9,11,1,0
0.7641053847733688,-0.3372282169848417,9,11,0,0
0.7640958478725813,-0.3369412962226576,9,11,1,0
0.7641053847733688,-0.33723596138987755,9,11,0,0
0.7641053847733688,-0.3286237242621221,9,12,0,0
0.7641053847733688,-0.33551847092322923,9,12,0,0
0.7641053847733688,-0.3363801371734354,9,12,0,0
0.7641053847733688,-0.3363857228592975,9,12,0,0
0.7641149216741548,-0.33718415212970704,9,12,0,0
0.764143532376516,-0.33592568631137176,9,12,0,0
0.7641339954757285,-0.3361404653771673,9,12,1,0
0.7641339954757285,-0.33667647534801504,9,12,1,0
0.7641339954757285,-0.336376305446902,9,12,1,0
0.764143532376516,-0.3370829216924519,9,12,0,0
0.764143532376516,-0.33701579901814244,9,12,0,0
0.764143532376516,-0.3370879272225361,9,12,0,0
0.7644868608048461,-0.33718415212970704,9,12,0,0
0.7647062095229443,-0.3355192399669349,9,12,0,0
0.7647062095229443,-0.33551861933517246,9,12,0,0
0.7665086837716752,-0.33718188547457456,9,12,0,0
0.7664991468708878,-0.3355461160206484,9,12,1,0
0.7665086837716752,-0.33676162332742554,9,12,0,0
0.7664991468708878,-0.337225882869735,9,12,1,0
0.7664991468708878,-0.3371180413550103,9,12,1,0
0.7664991468708878,-0.3368817830334357,9,12,1,0
0.7665086837716752,-0.3360816537716768,9,12,0,0
0.7665086837716752,-0.33551903758701235,9,12,0,0
0.7665086837716752,-0.3042876600044985,9,12,0,0
0.7664991468708878,-0.3362749400896985,9,12,1,0
0.7664991468708878,-0.33551903758701235,9,12,1,0
0.7664991468708878,-0.3371180413550103,9,12,1,0
0.7664991468708878,-0.3363860061911891,9,12,1,0
0.7641149216741548,-0.33590376181976317,9,13,1,0
0.7641053847733688,-0.3371180413550103,9,13,1,0
0.7641053847733688,-0.3370820851887721,9,13,0,0
0.7641053847733688,-0.32093084515449183,9,13,0,0
0.7641053847733688,-0.3355321922819775,9,13,0,0
0.7641053847733688,-0.3369062170360838,9,13,0,0
0.7641053847733688,-0.3292151458557616,9,13,0,0
0.7640958478725813,-0.33551847092322923,9,13,1,0
0.7640958478725813,-0.3371180413550103,9,13,1,0
0.7640958478725813,-0.33590376181976317,9,13,1,0
0.7638955729560551,-0.33706377655177955,9,13,1,0
0.7639051098568427,-0.3369111820901835,9,13,0,0
0.7639051098568427,-0.3356284306811433,9,13,0,0
0.7639051098568427,-0.31672097848177466,9,13,0,0
0.7639051098568427,-0.32429376534336896,9,13,0,0
0.7653451818756699,0.010771412961906634,12,33,0,0
0.7653451818756699,2.467968875027045,12,33,0,1
0.7653451818756699,-0.2604989590201699,12,33,0,0
0.7653451818756699,-0.33551876774711564,12,33,0,0
0.7653451818756699,2.5739931529673514,12,33,0,1
0.7653451818756699,-0.018498862695198688,12,33,0,0
0.7653451818756699,-0.3103176912245665,12,33,0,0
0.7653451818756699,2.147717313404011,12,33,0,1
0.7653451818756699,0.12738226560231136,12,33,0,0
0.7653451818756699,-0.08379352011634526,12,33,0,0
0.7653451818756699,-0.33551876774711564,12,33,0,0
0.7653451818756699,-0.3371855013291906,12,33,0,0
0.7653451818756699,0.4133328589136854,12,33,0,1
0.7653451818756699,0.7801964698524405,12,33,0,1
0.7653451818756699,0.6685939536311468,12,33,0,1
0.7653451818756699,-0.3366864324402041,12,33,0,0
0.7653451818756699,0.018298556404970516,12,33,0,0
0.7653451818756699,-0.33551876774711564,12,33,0,0
0.7653451818756699,-0.33638587127124076,12,33,0,0
0.7653451818756699,0.3104411523344197,12,33,0,1
0.7653451818756699,2.2059217521428653,12,33,0,1
0.7653451818756699,-0.33481445863268267,12,33,0,0
0.7653451818756699,-0.32591830945759154,12,33,0,0
0.7653356449748824,-0.33537355340669495,12,33,1,0
0.7653356449748824,-0.31478669864210024,12,33,1,0
0.7653356449748824,-0.3237609664672922,12,33,1,0
0.7653356449748824,-0.20342007645852067,12,33,1,0
0.7653356449748824,-0.33616589778743333,12,33,1,0
0.7653356449748824,-0.33551876774711564,12,33,1,0
0.7653356449748824,-0.3275368631261069,12,33,1,0
0.7653356449748824,-0.11752879606851804,12,33,1,0
0.7653356449748824,-0.31547041897241335,12,33,1,0
0.7653356449748824,-0.11841280506217275,12,33,1,0
0.7653356449748824,-0.31696838119108384,12,33,1,0
0.7653356449748824,-0.18202390438368377,12,33,1,0
0.7653356449748824,-0.2458096980543323,12,33,1,0
0.7653451818756699,-0.3342226592631877,12,33,0,0
0.7653451818756699,-0.32875204662500807,12,34,0,0
0.7653451818756699,-0.3363389730971905,12,34,0,0
0.7653451818756699,-0.33710936600233066,12,34,0,0
0.7653451818756699,-0.32448353025073845,12,34,0,0
0.7653451818756699,-0.33551876774711564,12,34,0,0
0.7653451818756699,-0.3363389730971905,12,34,0,0
0.7653451818756699,-0.33638587127124076,12,34,0,0
0.7653451818756699,-0.31586452014157523,12,34,0,0
0.7653356449748824,-0.33711149773751475,12,34,1,0
0.7653451818756699,-0.33533568137719005,12,34,0,0
0.7653451818756699,-0.33719282748238666,12,34,0,0
0.7653356449748824,-0.3371937179540458,12,34,1,0
0.7653356449748824,-0.3372312256996901,12,34,1,0
0.7653451818756699,-0.33716937839536154,12,34,0,0
0.7653451818756699,-0.33639017521759346,12,35,0,0
0.7653451818756699,-0.3364410670221151,12,35,0,0
0.7653451818756699,-0.3363660785148162,12,35,0,0
0.7653451818756699,-0.33642694090352177,12,35,0,0
0.7653451818756699,-0.33117230811867804,12,35,0,0
0.7653451818756699,-0.3370965216232467,12,35,0,0
0.7653451818756699,-0.33682790949805524,12,35,0,0
0.7653356449748824,-0.3371180413550103,12,35,1,0
0.7653356449748824,-0.3372337621947193,12,35,1,0
0.7653451818756699,-0.33376725046949074,12,35,0,0
0.7653356449748824,-0.33718210134649196,12,35,1,0
0.7653451818756699,-0.33516840762521233,12,36,0,0
0.7653356449748824,-0.335993820885294,12,36,1,0
0.7653356449748824,-0.3337845876828551,12,36,1,0
0.7653356449748824,-0.33723590742189824,12,36,1,0
0.7653451818756699,-0.32033405374690754,12,36,0,0
0.7653451818756699,-0.33723604234184656,12,36,0,0
0.7653451818756699,-0.33625355527788336,12,36,0,0
0.7653451818756699,-0.33690620354408896,12,36,0,0
0.7653451818756699,-0.33683186265254217,12,36,0,0
0.7653451818756699,-0.33048540367758356,12,37,0,0
0.7653451818756699,-0.33048540367758356,12,37,0,0
0.7653356449748824,-0.3372177606888437,12,37,1,0
0.7653451818756699,-0.3307434110948339,12,37,0,0
0.7653356449748824,-0.336194649228429,12,37,1,0
0.7653356449748824,-0.33551876774711564,12,37,1,0
0.7653356449748824,-0.20512551857378036,12,37,1,0
0.7653451818756699,-0.33048540367758356,12,37,0,0
0.7653451818756699,-0.3371842870496554,12,37,0,0
0.7653451818756699,-0.33678608431406337,12,37,0,0
0.7653356449748824,-0.33651941503612826,12,38,1,0
0.7653356449748824,-0.33589026982492703,12,38,1,0
0.7653356449748824,-0.3363394048410253,12,38,1,0
0.7653451818756699,-0.3335071113170563,12,38,0,0
0.7653451818756699,-0.3372318193474629,12,38,0,0
0.7653451818756699,-0.3370944303640471,12,38,0,0
0.7653451818756699,-0.33685424587197527,12,38,0,0
0.7653451818756699,-0.33654020620017067,12,38,0,0
0.7653451818756699,-0.29495570590420717,12,38,0,0
0.7653451818756699,-0.33399201361146497,12,38,0,0
0.7653356449748824,-0.3359198712615974,12,38,1,0
0.7653451818756699,-0.33708294867644156,12,38,0,0
0.7653451818756699,-0.013005394617766683,12,38,0,0
0.7653451818756699,-0.1673542877623275,12,38,0,0
0.7653451818756699,0.04009817960139069,12,38,0,0
0.7653356449748824,-0.3337846146668448,12,38,1,0
0.7653451818756699,-0.3366058177710585,12,39,0,0
0.7653451818756699,-0.3364585121714382,12,39,0,0
0.7653451818756699,-0.3275551447791098,12,39,0,0
0.7653451818756699,-0.33504049002217146,12,39,0,0
0.7653451818756699,-0.3336622692576712,12,39,0,0
0.7653451818756699,-0.3348086435829083,12,40,0,0
0.7653356449748824,-0.33709163752111604,12,40,1,0
0.7653451818756699,-0.33710936600233066,12,40,0,0
0.7653451818756699,-0.3370965216232467,12,40,0,0
0.7653451818756699,-0.33258520330990704,12,40,0,0
0.7653451818756699,-0.3199110932007913,12,40,0,0
0.7653356449748824,-0.3370988422463585,12,40,1,0
0.7653451818756699,-0.30224891164880824,12,40,0,0
0.7653451818756699,-0.3199110932007913,12,40,0,0
0.7653451818756699,-0.3199110932007913,12,40,0,0
0.7604241410696125,-0.33718415212970704,13,3,0,0
0.7604336779704001,-0.33662875416227983,13,4,0,0
0.7604336779704001,-0.32291725806221283,13,4,0,0
0.7604241410696125,-0.33700319749496555,13,4,1,0
0.7604241410696125,-0.23893432589780975,13,4,1,0
0.7604241410696125,-0.3024730676510149,13,4,1,0
0.7604336779704001,-0.3372196090921362,13,4,0,0
0.7604336779704001,-0.3164289307615529,13,4,0,0
0.7604336779704001,-0.33342321809316555,13,4,0,0
0.7604241410696125,-0.3372185837005287,13,4,1,0
0.7604336779704001,-0.32645489958421725,13,4,0,0
0.7604336779704001,-0.33716831252776946,13,4,0,0
0.7604336779704001,-0.3371666799963943,13,4,0,0
0.7604336779704001,-0.3370828272484881,13,4,0,0
0.7604241410696125,-0.3369357914887645,13,4,1,0
0.7604241410696125,-0.3371780942240256,13,5,1,0
0.7604336779704001,-0.33552625580424966,13,5,0,0
0.7604336779704001,-0.33711856754280883,13,5,0,0
0.7604336779704001,-0.3371996409397789,13,5,0,0
0.7604336779704001,-0.33708694230691305,13,5,0,0
0.7604241410696125,-0.3371205643580446,13,5,1,0
0.7604241410696125,-0.33311230856416296,13,5,1,0
0.7604336779704001,-0.18187924321505133,13,5,0,0
0.7604336779704001,-0.3355176209275546,13,5,0,0
0.7604336779704001,-0.2831992673158622,13,5,0,0
0.7604336779704001,-0.312966722982677,13,5,0,0
0.7609105230097467,-0.3371855013291906,13,5,0,0
0.7609105230097467,-0.3355177288635133,13,5,0,0
0.761158482430206,-0.33718415212970704,13,5,0,0
0.7615304215608972,-0.33718415212970704,13,5,0,0
0.761902360691587,-0.33718415212970704,13,5,0,0
0.7623410581277864,-0.3353332258341299,13,5,0,0
0.7623792057309335,-0.3328217989313525,13,5,0,0
0.7624650378380154,-0.3355192399669349,13,5,0,0
0.7624650378380154,-0.335518079655379,13,5,0,0
0.7626367020521805,-0.33718415212970704,13,5,0,0
0.7629704935797231,-0.3371855013291906,13,5,0,0
0.7630086411828716,-0.33718415212970704,13,5,0,0
0.7633805803135614,-0.33718415212970704,13,5,0,0
0.7633805803135614,-0.3332213373744333,13,5,0,0
0.7635045600237919,-0.10218003290309807,13,5,0,0
0.7635045600237919,-0.3355183360032809,13,6,0,0
0.7637525194442512,-0.33718415212970704,13,6,0,0
0.7641149216741548,-0.33718415212970704,13,6,0,0
0.7641149216741548,-0.33489340029446857,13,6,0,0
0.7642579751859588,-0.33712787701924574,13,6,0,0
0.7642484382851727,-0.3355185248912086,13,7,1,0
0.7642484382851727,-0.3371180413550103,13,7,1,0
0.7642484382851727,-0.33590376181976317,13,7,1,0
0.7642484382851727,-0.33638573635129243,13,7,1,0
0.7641244585749424,-0.33718415212970704,13,7,1,0
0.7637620563450387,-0.33718415212970704,13,7,1,0
0.7633901172143489,-0.33718415212970704,13,7,1,0
0.7630181780836577,-0.33718415212970704,13,7,1,0
0.7629514197781495,-0.33681927462136013,13,7,1,0
0.7626462389529679,-0.33718415212970704,13,7,1,0
0.7624555009372294,-0.3371315333498463,13,7,1,0
0.7622933736238517,-0.3369830404546804,13,7,0,0
0.7622933736238517,-0.33686663152323476,13,7,0,0
0.7622933736238517,-0.3361818992933089,13,7,0,0
0.7622933736238517,-0.3370387893773431,13,7,0,0
0.7622933736238517,-0.3369313661144583,13,7,0,0
0.7622933736238517,-0.33666779999533547,13,7,0,0
0.7622933736238517,-0.33704115047643946,13,7,0,0
0.7622838367230643,-0.33551805267138934,13,7,1,0
0.7622838367230643,-0.33590376181976317,13,7,1,0
0.7622838367230643,-0.3371180413550103,13,7,1,0
0.7622838367230643,-0.3371855013291906,13,7,1,0
0.7622742998222768,-0.33718415212970704,13,7,1,0
0.7606625635892859,-0.3355178907674513,13,7,1,0
0.7606625635892859,-0.3355176883875287,13,7,1,0
0.7604336779704001,-0.33718415212970704,13,7,1,0
0.7594704509909194,-0.3356684884138116,13,8,0,0
0.7594609140901319,-0.21978797094587868,13,8,1,0
0.7594609140901319,-0.33551739156364235,13,8,1,0
0.7594609140901319,-0.3371180413550103,13,8,1,0
0.7594609140901319,-0.33590376181976317,13,8,1,0
0.7594609140901319,-0.3371855013291906,13,8,1,0
0.7589459214476382,-0.33718415212970704,13,8,1,0
0.7586216668208831,-0.3355178907674513,13,8,1,0
0.7585835192177345,-0.33718415212970704,13,8,1,0
0.758278338392553,-0.2932165203098624,13,8,1,0
0.7582115800870447,-0.33718415212970704,13,8,1,0
0.7582115800870447,-0.33551709473975594,13,8,1,0
0.7578396409563535,-0.33718415212970704,13,8,1,0
0.7572388162067779,-0.32241176698368434,13,8,1,0
0.7572388162067779,-0.3116181711148213,13,8,1,0
0.7572388162067779,-0.31971336801646855,13,8,1,0
0.7572388162067779,-0.3371180413550103,13,8,1,0
0.7572388162067779,-0.33590376181976317,13,8,1,0
0.7572388162067779,-0.33551686537584374,13,8,1,0
0.7571052995957601,-0.33718415212970704,13,8,1,0
0.7570480781910393,-0.3355178907674513,13,8,1,0
0.7570480781910393,-0.3355168383918541,13,8,1,0
0.7567333604650703,-0.33718415212970704,13,8,1,0
0.7563614213343791,-0.33718415212970704,13,8,1,0
0.7559894822036893,-0.33718415212970704,13,8,1,0
0.7556175430729996,-0.33718415212970704,13,8,1,0
0.7554649526604081,-0.3355165415679677,13,8,1,0
0.7551693087360126,-0.33605566818962257,13,8,0,0
0.7551693087360126,-0.33705967498534933,13,8,0,0
0.7551693087360126,-0.3310151533628274,13,8,0,0
0.7551693087360126,-0.33701225062350054,13,8,0,0
0.7551693087360126,-0.33723334394287935,13,9,0,0
0.7551693087360126,-0.3323472719809728,13,9,0,0
0.7551597718352265,-0.33551637966402964,13,9,1,0
0.7551597718352265,-0.3371180413550103,13,9,1,0
0.7551597718352265,-0.33590376181976317,13,9,1,0
0.7551597718352265,-0.3371855013291906,13,9,1,0
0.7548832017124047,-0.33718415212970704,13,9,1,0
0.754511262581715,-0.33718415212970704,13,9,1,0
0.7541393234510251,-0.33718415212970704,13,9,1,0
0.7538913640305643,-0.3355165415679677,13,9,1,0
0.7537769212211215,-0.33718415212970704,13,9,1,0
0.7532905392809873,-0.33551596141218976,13,9,1,0
0.7530616536621015,-0.3360715752515343,13,9,0,0
0.7530521167613141,-0.3371180413550103,13,9,1,0
0.7530521167613141,-0.33590376181976317,13,9,1,0
0.7530521167613141,-0.3371855013291906,13,9,1,0
0.7530330429597405,-0.33718415212970704,13,9,1,0
0.7526611038290507,-0.33718415212970704,13,9,1,0
0.7526229562259021,-0.3371180413550103,13,9,1,0
0.7526229562259021,-0.33590376181976317,13,9,1,0
0.7524703658133121,-0.3371180413550103,13,9,1,0
0.7524703658133121,-0.33551575903226716,13,9,1,0
0.7524703658133121,-0.3371855013291906,13,9,1,0
0.7524703658133121,-0.33590376181976317,13,9,1,0
0.7524322182101635,-0.33551575903226716,13,9,1,0
0.7524322182101635,-0.3371180413550103,13,9,1,0
0.7524322182101635,-0.33590376181976317,13,9,1,0
0.7523082384999331,-0.3355165415679677,13,9,1,0
0.7522891646983595,-0.33718415212970704,13,9,1,0
0.7521747218889167,-0.1635345691042852,13,9,1,0
0.7520221314763251,-0.1635345691042852,13,9,1,0
0.7519362993692433,-0.2678526763616108,13,9,1,0
0.7519267624684559,-0.33718415212970704,13,9,1,0
0.7516788030479965,0.17590155680005554,13,9,1,0
0.7523177754007206,-0.33698285156675273,13,9,0,0
0.7523082384999331,-0.3355157185562827,13,9,1,0
0.7523082384999331,-0.3371180413550103,13,9,1,0
0.7523082384999331,-0.33590376181976317,13,9,1,0
0.7522891646983595,-0.33718415212970704,13,9,1,0
0.7519267624684559,-0.33718415212970704,13,9,1,0
0.7518313934605866,-0.3364825414142413,13,9,0,0
0.7518218565598005,-0.3368047437429217,13,9,1,0
0.7518313934605866,-0.3364336464249553,13,9,0,0
0.7518313934605866,-0.3370441726832827,13,9,0,0
0.36086614570032055,-0.3354187785733855,19,40,1,0
0.36086614570032055,-0.3353904318922349,19,40,1,0
0.36086614570032055,-0.17534902327042534,19,40,1,1
0.36086614570032055,-0.3171269256224026,19,40,1,0
0.36085660879953446,-0.3326491823494197,19,40,1,0
0.36085660879953446,0.013130973970809139,19,40,1,1
0.360875682601108,-0.33722585588574533,19,40,0,0
0.360875682601108,-0.33672449335763666,19,40,0,0
0.36086614570032055,-0.3365341348024944,19,40,1,0
0.36086614570032055,-0.3371449983606927,19,40,1,0
0.360875682601108,-0.33577178312627665,19,41,0,0
0.36086614570032055,-0.33624556801694033,19,41,1,0
0.36086614570032055,-0.335741709469787,19,41,1,0
0.36086614570032055,-0.33704097508050657,19,41,1,0
0.36086614570032055,-0.33329593461388196,19,41,1,0
0.36086614570032055,-0.3363671848583928,19,41,1,0
0.36086614570032055,-0.33405744978641994,19,41,1,0
0.36086614570032055,-0.3332894044883813,19,41,1,0
0.36086614570032055,-0.337196254449075,19,41,1,0
0.360875682601108,-0.3369129630335018,19,41,0,0
0.360875682601108,-0.33715932685920863,19,41,0,0
0.360875682601108,-0.33638792205445583,19,41,0,0
0.360875682601108,-0.33707401697586015,19,41,0,0
0.36086614570032055,-0.3301754925561988,19,41,1,0
0.360875682601108,-0.3341399263508529,19,42,0,0
0.360875682601108,-0.3321938679996866,19,42,0,0
0.360875682601108,-0.3345292108778583,19,42,0,0
0.360875682601108,-0.33722704318129093,19,42,0,0
0.360875682601108,-0.3363449500509029,19,42,0,0
0.360875682601108,-0.3180530026559562,19,42,0,0
0.360875682601108,-0.3354187785733855,19,42,0,0
0.36098058850976483,-0.33718415212970704,19,42,0,0
0.36133345383888105,-0.33718415212970704,19,42,0,0
0.36133345383888105,-0.3349604015408245,19,42,0,0
0.3613906752436018,-0.337106370779477,19,42,0,0
0.3613906752436018,-0.3359331338925213,19,42,0,0
0.3614002121443893,0.36803282514380375,19,42,0,1
0.3615718763585543,-0.26399644836554215,19,42,0,0
0.36158141325934046,-0.20869880594614165,19,42,0,1
0.36159095016012793,0.09341421226323172,19,42,0,1
0.36167678226720973,-0.32376385375418715,19,42,0,0
0.3611713265255035,-0.33541885952535444,19,42,0,0
0.36133345383888105,-0.33718415212970704,19,42,0,0
0.36162909776327506,-0.2688049278651464,19,42,0,0
0.3615718763585543,-0.337125138144294,19,42,1,0
0.3615718763585543,-0.33011290319215425,19,42,1,0
0.3615718763585543,-0.33541896746131317,19,43,1,0
0.36134299073966714,-0.33718415212970704,19,43,1,0
0.36129530623573247,-0.3320157062078762,19,43,1,0
0.36133345383888105,-0.335418900001339,19,43,0,0
0.36133345383888105,-0.3010979635373217,19,43,0,0
0.36132391693809357,-0.335418900001339,19,43,1,0
0.36132391693809357,-0.331935793122462,19,43,1,0
0.3612762324341589,-0.22162263938767834,19,43,1,1
0.3612857693349464,-0.33677580341399826,19,43,0,0
0.3612762324341589,-0.33541888650934415,19,43,1,0
0.3611522527239285,-0.24956844638771034,19,43,1,0
0.3611522527239285,-0.3344168900208479,19,43,1,0
0.361161789624716,-0.3367510456034741,19,44,0,0
0.361161789624716,-0.33639793311462424,19,44,0,0
0.361161789624716,-0.3363902291855728,19,44,0,0
0.361161789624716,-0.33541885952535444,19,44,0,0
0.361161789624716,-0.33682042144092117,19,44,0,0
0.361161789624716,-0.24429311688278807,19,44,0,0
0.361161789624716,-0.31684912544872773,19,44,0,0
0.361161789624716,-0.33540067231631543,19,44,0,0
0.361161789624716,-0.3370325290917392,19,44,0,0
0.361161789624716,-0.32874969901790657,19,44,0,0
0.361161789624716,-0.3370731534881906,19,44,0,0
0.361161789624716,-0.3355986673405349,19,44,0,0
0.361161789624716,-0.3359690900587594,19,44,0,0
0.36133345383888105,-0.33718415212970704,19,44,0,0
0.36168631916799726,-0.33718415212970704,19,44,0,0
0.3624015867270171,-0.33718233071040415,19,44,0,0
0.36239204982622963,-0.3371461181962641,19,44,1,0
0.3624015867270171,-0.33707318047218027,19,45,0,0
0.3624015867270171,-0.33721646545733946,19,45,0,0
0.3624015867270171,-0.33686787278675967,19,45,0,0
0.3624015867270171,-0.3371855013291906,19,45,0,0
0.36239204982622963,-0.33697019607559653,19,45,1,0
0.3624015867270171,-0.3368012897922436,19,45,0,0
0.3624015867270171,-0.3320157062078762,19,45,0,0
0.36239204982622963,-0.33570194856100505,19,45,1,0
0.36239204982622963,-0.33596931942267166,19,45,1,0
0.36212501660419666,-0.33236869726877244,19,45,1,0
0.36221084871127845,-0.3359408648055624,19,45,1,0
0.36223945941363955,-0.33617281918078423,19,45,1,0
0.36223945941363955,-0.33649928497983284,19,45,1,0
0.36212501660419666,-0.3293084160160634,19,45,1,0
0.3623062177191478,-0.32393034497046436,19,45,1,0
0.36239204982622963,-0.33541918333323056,19,45,1,0
0.3623252915207214,-0.33354598175417904,19,45,1,0
0.3624015867270171,-0.3371855013291906,19,45,0,0
0.3623252915207214,-0.3203943089958455,19,45,1,0
0.3623252915207214,-0.33699724752524285,19,45,1,0
0.3623252915207214,-0.3369976118091034,19,45,1,0
0.3623252915207214,-0.3357240889245311,19,45,1,0
0.3623252915207214,-0.3354816647613164,19,45,1,0
0.3623252915207214,-0.32914373272709424,19,45,1,0
0.3617053929695708,-0.3195619203744336,19,45,1,0
0.36187705718373586,-0.33125305770777197,19,45,1,0
0.36187705718373586,-0.32891775530558476,19,45,1,0
0.3619438154892441,-0.3372039179021419,19,45,0,0
0.3619438154892441,-0.33367487078084807,19,45,0,0
0.36187705718373586,-0.3279616181075363,19,45,1,0
0.36187705718373586,-0.332205268735323,19,45,1,0
0.36187705718373586,-0.32292127867667403,19,45,1,0
0.36187705718373586,-0.33547269258475043,19,45,1,0
0.36187705718373586,-0.3310530253923322,19,45,1,0
0.36187705718373586,-0.3359418497211854,19,45,1,0
0.36187705718373586,-0.3335866196426253,19,45,1,0
0.36187705718373586,-0.3225760590048033,19,45,1,0
0.36187705718373586,-0.33317809553098365,19,45,1,0
0.36187705718373586,-0.33547269258475043,19,45,1,0
0.36187705718373586,-0.3360315310108608,19,45,1,0
0.3619438154892441,-0.3370740439598498,19,45,0,0
0.361934278588458,-0.33637146182075583,19,45,0,0
0.361934278588458,-0.33680347549540707,19,45,0,0
0.361934278588458,-0.33719501318555006,19,45,0,0
0.3619247416876705,-0.3370740034838653,19,45,1,0
0.361934278588458,-0.3368079818216823,19,45,0,0
0.361934278588458,-0.33679007794453486,19,45,0,0
0.3619247416876705,-0.33541906190527704,19,45,1,0
0.3618961309853095,-0.3371093120343513,19,45,1,0
0.36179122507665407,-0.3354550180715152,19,45,0,0
0.36179122507665407,-0.33634955082114204,19,45,0,0
0.36179122507665407,-0.32856210632170574,19,45,0,0
0.36179122507665407,-0.33723123919168496,19,45,0,0
0.36178168817586653,-0.33541902142929253,19,45,1,0
0.36178168817586653,-0.33688042034195725,19,45,1,0
0.3617149298703583,-0.33698109760742406,19,45,0,0
0.3617149298703583,-0.3356908581412498,19,45,0,0
0.36178168817586653,-0.3228674860932626,19,45,0,0
0.3617149298703583,-0.33716126970646504,19,45,0,0
0.3617149298703583,-0.33551068604220885,19,45,0,0
0.36178168817586653,-0.33579262825829836,19,45,0,0
0.3617244667711444,-0.3354190079372977,19,46,1,0
0.36169585606878474,-0.33718415212970704,19,46,1,0
0.3613620645412421,-0.33487433610576517,19,46,1,0
0.36130484313651995,-0.335418900001339,19,46,0,0
0.36133345383888105,-0.3209741004899363,19,46,0,0
0.36133345383888105,-0.33723206220336993,19,46,0,0
0.36132391693809357,-0.3370902748296376,19,46,1,0
-0.7288678227184321,-0.3318242278171625,23,14,0,0
-0.7288773596192188,-0.3371180413550103,23,14,1,0
-0.7288773596192188,-0.32241176698368434,23,14,1,0
-0.7288773596192188,-0.31566576956564496,23,14,1,0
-0.7288773596192188,-0.3368186674815925,23,14,1,0
-0.7295830902774519,-0.33703955842104877,23,14,0,0
-0.728162092060199,-0.2970009304174187,23,14,0,0
-0.7297356806900428,-0.3371450253446824,23,14,0,0
-0.7297356806900428,-0.3368260745867575,23,14,0,0
-0.7297452175908302,-0.3371450253446824,23,14,1,0
-0.7297356806900428,-0.33215309519129194,23,14,0,0
-0.7297452175908302,-0.3371180413550103,23,14,1,0
-0.7300694722175853,-0.33508209933424593,23,14,1,0
-0.7300694722175853,-0.3371180413550103,23,14,1,0
-0.7315476918395598,-0.33635539285490607,23,14,0,0
-0.7315476918395598,-0.33420613156951356,23,14,0,0
-0.7278092267310828,-0.33714440471291995,23,14,0,0
-0.7285817156948241,-0.3371180413550103,23,15,1,0
-0.728734306107415,-0.23277960166146666,23,15,1,0
-0.7323487915056622,-0.3371180413550103,23,15,1,0
-0.7324250867119579,-0.33718415212970704,23,15,1,0
-0.7327207306363527,-0.33278106659894235,23,15,0,0
-0.7327207306363527,-0.3366012439848091,23,15,0,0
-0.7327207306363527,-0.33640523228383057,23,15,0,0
-0.7327207306363527,-0.3237377602361742,23,15,0,0
-0.7327207306363527,-0.33614282647626365,23,15,0,0
-0.7327302675371394,-0.33508075013476235,23,15,1,0
-0.7327302675371394,-0.3371180413550103,23,15,1,0
-0.7327302675371394,-0.3371855013291906,23,15,1,0
-0.7330640590646821,-0.3370523623241482,23,15,0,0
-0.7330640590646821,-0.3371614046264134,23,15,0,0
-0.7330640590646821,-0.22294297949433187,23,15,0,0
-0.7330259114615342,-0.33718415212970704,23,15,0,0
-0.7329686900568128,-0.33681835716571124,23,15,0,0
-0.7327302675371394,-0.33718415212970704,23,15,0,0
-0.7326062878269097,-0.3321700681207957,23,15,0,0
-0.7300694722175853,-0.3372298765002065,23,15,0,0
-0.7300790091183729,-0.33443313438263056,23,15,1,0
-0.7300694722175853,-0.3351051841374105,23,15,0,0
-0.7298024389955516,-0.33681860002161834,23,15,0,0
-0.7297738282931906,-0.33718415212970704,23,15,0,0
-0.7297452175908302,-0.33609250133552504,23,15,0,0
-0.7294781843687959,-0.33718415212970704,23,15,0,0
-0.7291825404444011,-0.33718415212970704,23,15,0,0
-0.7291539297420401,-0.32949189365383924,23,15,0,0
-0.7289631917263014,-0.33588202621608226,23,16,1,0
-0.7289536548255147,-0.3370539678715337,23,16,0,0
-0.7289536548255147,-0.3369690087800509,23,16,0,0
-0.7288868965200064,-0.33718415212970704,23,16,0,0
-0.7288106013137107,-0.3307467031415739,23,16,0,0
-0.7274182137988188,-0.3329080127783551,23,16,1,0
-0.727408676898032,-0.33508209933424593,23,16,0,0
-0.727408676898032,-0.3368187754175512,23,16,0,0
-0.7273991399972445,-0.33718415212970704,23,16,0,0
-0.7271893281799323,-0.26979298712297695,23,16,0,0
-0.7269699794618325,-0.32241176698368434,23,16,0,0
-0.7269699794618325,-0.33366288988943366,23,16,0,0
-0.7269699794618325,-0.3192558409795823,23,16,0,0
-0.7266743355374378,-0.3371855013291906,23,16,0,0
-0.7247574184792647,-0.33680079058843465,23,16,1,1
-0.7250816731060205,-0.22876588160967642,23,16,0,1
-0.725138894510742,-0.3371180413550103,23,16,1,0
-0.7262356381012391,-0.18922591773518777,23,16,0,1
-0.7262356381012391,0.5999849741865226,23,16,0,1
-0.7257683299626793,-0.2862917944362295,23,16,0,0
-0.7257683299626793,-0.08530336878246633,23,16,0,1
-0.7257587930618925,0.5296193100302513,23,16,0,1
-0.7261688797957309,-0.3371112953575922,23,16,1,0
-0.7252247266178244,-0.33682647934660254,23,16,1,0
-0.7252247266178244,-0.28958048166951855,23,16,1,1
-0.7249481564950033,-0.3371180413550103,23,16,1,0
-0.725024451701299,-0.33718415212970704,23,16,1,0
-0.7252247266178244,-0.31566576956564496,23,16,1,0
-0.7252247266178244,-0.3371180413550103,23,16,1,0
-0.7252247266178244,-0.33681892382949435,23,16,1,0
-0.7253200956256938,-0.33718415212970704,23,16,1,0
-0.7256157395500885,-0.33718415212970704,23,16,1,0
-0.7258923096729097,-0.3369426454221412,23,16,1,0
-0.7258923096729097,-0.3371180413550103,23,16,1,0
-0.7259113834744833,-0.33718415212970704,23,16,1,0
-0.7260925845894352,-0.32241176698368434,23,17,1,0
-0.7260925845894352,-0.3371180413550103,23,17,1,0
-0.726207027398878,-0.33718415212970704,23,17,1,0
-0.7282860717704294,-0.3368252785590622,23,17,0,0
-0.7282860717704294,-0.33706898446178624,23,17,0,0
-0.7282860717704294,-0.3368273833102566,23,17,0,0
-0.7282956086712162,-0.3371180413550103,23,17,1,0
-0.7282956086712162,-0.3371855013291906,23,17,1,0
-0.7285721787940374,-0.33718415212970704,23,17,1,0
-0.7288773596192188,-0.33718415212970704,23,17,1,0
-0.7291730035436144,-0.33718415212970704,23,17,1,0
-0.7294686474680091,-0.33718415212970704,23,17,1,0
-0.7297356806900428,-0.013110052021710146,23,17,1,0
-0.7297452175908302,0.6070889142275633,23,17,1,1
-0.7289918024286625,-0.3369440890655887,23,17,0,0
-0.7277329315247871,-0.3370172291695951,23,17,1,0
-0.7277233946240003,-0.334102796381064,23,17,0,0
-0.7275421935090485,-0.3368187619255563,23,17,0,0
-0.7270272008665547,-0.3368711513415048,23,17,0,0
-0.7261688797957309,-0.3369673492646861,23,17,0,0
-0.7262356381012391,-0.18922591773518777,23,16,0,0
-0.7252247266178244,-0.28958048166951855,23,16,1,0
-0.7249481564950033,-0.3371180413550103,23,16,1,1
-0.7261784166965176,-0.3371180413550103,23,17,1,0
-0.7261784166965176,-0.3371855013291906,23,17,1,0
-0.726207027398878,-0.33718415212970704,23,17,1,0
-0.7265026713232735,-0.33718415212970704,23,17,1,0
-0.7268269259500286,-0.30885677802371586,23,17,1,0
-0.7268269259500286,-0.3371180413550103,23,17,1,0
-0.7268269259500286,-0.3371855013291906,23,17,1,0
-0.727093959172063,-0.33718415212970704,23,17,1,0
-0.7273896030964577,-0.33718415212970704,23,17,1,0
-0.7276852470208525,-0.33718415212970704,23,17,1,0
-0.7277520053263614,-0.30838009235416236,23,17,0,0
-0.7277520053263614,-0.25844569327803607,23,17,0,0
-0.7277520053263614,-0.3370535496196938,23,17,0,0
-0.7277520053263614,-0.32960170499981006,23,17,0,0
-0.7277520053263614,-0.23856198731631847,23,17,0,0
-0.7277520053263614,-0.2917405500427747,23,17,0,0
-0.7277520053263614,-0.2573803518737845,23,17,0,0
-0.7277520053263614,-0.3039749830241723,23,17,0,0
-0.7277615422271482,-0.29777178205038324,23,17,1,0
-0.7277615422271482,-0.3371180413550103,23,17,1,0
-0.7277615422271482,-0.3371855013291906,23,17,1,0
-0.7279808909452479,-0.33718415212970704,23,17,1,0
-0.7282765348696426,-0.33718415212970704,23,17,1,0
-0.7285721787940374,-0.33718415212970704,23,17,1,0
-0.7288773596192188,-0.33718415212970704,23,17,1,0
-0.7279904278460346,-0.33692889707940327,23,17,0,0
-0.7253677801296284,-0.33681892382949435,23,17,0,0
-0.7253296325264805,-0.33718415212970704,23,17,0,0
-0.725024451701299,-0.33716684190033236,23,17,0,0
-0.7250149148005115,0.08763026153697889,23,17,0,1
-0.7253773170304152,-0.3371855013291906,23,18,1,0
-0.7256157395500885,-0.33718415212970704,23,18,1,0
-0.7259113834744833,-0.33718415212970704,23,18,1,0
-0.726207027398878,-0.33718415212970704,23,18,1,0
-0.7263310071091084,-0.3371180413550103,23,18,1,0
-0.7265026713232735,-0.33718415212970704,23,18,1,0
-0.7297452175908302,0.6070889142275633,23,17,1,0
-0.7271607174775712,-0.33717022839103616,23,18,0,0
-0.7271034960728497,-0.33718415212970704,23,18,0,0
-0.7270748853704894,-0.3371707950548193,23,18,0,0
-0.726807852148455,-0.33718415212970704,23,18,0,0
-0.726807852148455,-0.3371900616234452,23,18,0,0
-0.7271511805767844,-0.33717137521059726,23,18,0,0
-0.7270176639657672,-0.3330987086333682,23,18,0,0
-0.7271416436759977,-0.3371719418743804,23,18,0,0
-0.7271034960728497,-0.33718415212970704,23,18,0,0
-0.728791527512137,-0.33673593456925766,23,18,0,0
-0.7288010644129239,-0.33086571602802295,23,18,1,0
-0.728791527512137,-0.3369440216056145,23,18,0,0
-0.7283814407782987,-0.33681869446558216,23,18,0,0
-0.728333756274364,-0.3367379313844934,23,18,0,0
-0.7242805734399181,-0.33704182507618125,23,53,0,0
-0.7242805734399181,-0.33640206166504405,23,53,0,0
-0.7242901103407049,-0.3360965084579914,23,53,1,0
-0.7242805734399181,-0.33573036270212986,23,53,0,0
-0.7242805734399181,-0.33522232163657734,23,53,0,0
-0.7225734681990572,-0.3366412747334877,23,53,0,1
-0.7227642062147958,-0.33618965719033966,23,53,0,0
-0.7229930918336823,-0.3371180413550103,23,53,1,0
-0.7231361453454863,-0.33703304178754295,23,53,1,0
-0.7231266084446994,-0.3266727818088251,23,53,0,1
-0.7231266084446994,-0.3329571371315532,23,53,0,0
-0.7231266084446994,-0.3318294896951486,23,53,0,1
-0.7231361453454863,-0.3371180413550103,23,53,1,0
-0.7233936416667331,-0.33659386386363377,23,53,0,0
-0.7233936416667331,-0.33185704034860386,23,53,0,0
-0.7233936416667331,-0.3371535118094343,23,53,0,0
-0.7232601250557167,-0.33718415212970704,23,53,0,0
-0.7229549442305344,-0.33718415212970704,23,53,0,0
-0.7226593003061397,-0.33718415212970704,23,53,0,0
-0.7224971729927622,-0.3364954127773149,23,53,0,1
-0.7234031785675207,-0.3371180413550103,23,53,1,0
-0.7235462320793247,-0.33718415212970704,23,53,1,0
-0.7239849295155233,-0.3256039729619006,23,53,1,0
-0.7239849295155233,-0.3371180413550103,23,53,1,0
-0.725024451701299,-0.33291185799688333,23,53,0,0
-0.7240802985233926,-0.33698312140664943,23,54,0,0
-0.7240802985233926,-0.3368190182734582,23,54,0,0
-0.7239277081108019,-0.2867481611615599,23,54,0,1
-0.7236988224919154,-0.26664485949189026,23,54,0,1
-0.7236988224919154,-0.3280787960826877,23,54,0,0
-0.7240135402178837,-0.33630147884354106,23,54,0,0
-0.7240135402178837,-0.3371524999098216,23,54,0,0
-0.7238514129045062,-0.33718415212970704,23,54,0,0
-0.7235557689801114,-0.33718415212970704,23,54,0,0
-0.7232601250557167,-0.33718415212970704,23,54,0,0
-0.7229549442305344,-0.33718415212970704,23,54,0,0
-0.7229167966273866,-0.33437464658501614,23,54,0,0
-0.7240040033170969,-0.3357416959777922,23,54,0,0
-0.7246525125706086,-0.3370381147776013,23,54,0,0
-0.7246525125706086,-0.33682955552142524,23,54,0,0
-0.7246525125706086,-0.3361840175364982,23,54,0,0
-0.7246525125706086,-0.337211230563343,23,54,0,0
-0.7246620494713953,-0.3371180413550103,23,54,1,0
-0.724681123272969,-0.3371490864351281,23,54,1,0
-0.7246715863721821,-0.33617705566716277,23,55,0,0
-0.7246715863721821,-0.33422674733762303,23,55,0,0
-0.724681123272969,-0.3371180413550103,23,55,1,0
-0.724738344677691,-0.33683066186500177,23,55,1,0
-0.7247288077769036,-0.3367211068669328,23,55,0,0
-0.725024451701299,-0.3314784010055241,23,55,0,0
-0.7250339886020858,-0.33590376181976317,23,55,1,0
-0.7250339886020858,-0.3371180413550103,23,55,1,0
-0.7253200956256938,-0.33718415212970704,23,55,1,0
-0.7256157395500885,-0.33718415212970704,23,55,1,0
-0.7256538871532364,-0.3356497480329843,23,55,1,0
-0.7256538871532364,-0.33668764671973933,23,55,1,0
-0.7256538871532364,-0.337251976387748,23,55,1,0
-0.7256538871532364,-0.3371180413550103,23,55,1,0
-0.7259113834744833,-0.33718415212970704,23,55,1,0
-0.7261211952917962,-0.3369485549158794,23,55,1,0
-0.7260830476886483,-0.19291858227785874,23,55,0,1
-0.7260925845894352,-0.3371180413550103,23,55,1,0
-0.726779241446094,-0.33712952304261573,23,55,1,0
-0.7267697045453071,-0.3045745672746877,23,55,0,0
-0.726779241446094,-0.33520688679448485,23,55,1,0
-0.726779241446094,-0.3371180413550103,23,55,1,0
-0.7279045957389522,-0.33508209933424593,23,55,1,0
-0.728085796853904,-0.336930974846608,23,55,0,0
-0.7280953337546908,-0.2853244049144878,23,55,1,1
-0.7280953337546908,-0.3371180413550103,23,55,1,0
-0.7282765348696426,-0.33718415212970704,23,55,1,0
-0.7283242193735773,-0.336818707957577,23,55,1,0
-0.7285721787940374,-0.33718415212970704,23,55,1,0
-0.7288773596192188,-0.33718415212970704,23,55,1,0
-0.7290394869325971,-0.33508209933424593,23,55,1,0
-0.7291730035436144,-0.33718415212970704,23,55,1,0
-0.7297452175908302,-0.31168003191114474,23,55,1,0
-0.7299264187057813,-0.3355188621910795,23,55,1,0
-0.7299359556065689,-0.30698483120018416,23,55,1,0
-0.7301648412254547,-0.33508209933424593,23,55,1,0
-0.7302506733325372,-0.3076084312015077,23,55,1,0
-0.7294304998648612,-0.33399650644574536,23,55,0,0
-0.7294400367656481,-0.3368795838382774,23,55,1,0
-0.7294400367656481,-0.33545464029565975,23,55,1,0
-0.7294400367656481,-0.3371180413550103,23,55,1,0
-0.7303269685388329,-0.33455456233615527,23,55,1,0
-0.7303555792411933,-0.33718415212970704,23,55,1,0
-0.7306512231655887,-0.33718415212970704,23,55,1,0
-0.7312901955183129,-0.33508075013476235,23,55,1,0
-0.7314618597324779,-0.32241176698368434,23,55,1,0
-0.7324155498111711,-0.33508075013476235,23,55,1,0
-0.7328637841481567,-0.33320536285254737,23,55,1,0
-0.7333787767906511,-0.29389844620486233,23,55,0,0
-0.7333883136914379,-0.3371180413550103,23,55,1,0
-0.7335409041040286,-0.33508075013476235,23,55,1,0
-0.7346662583968868,-0.3350794009352787,23,55,1,0
-0.7357916126897444,-0.3196538818112363,23,55,0,0
-0.7358011495905319,-0.3350794009352787,23,55,1,0
-0.7358011495905319,-0.3371180413550103,23,55,1,0
-0.7360300352094177,-0.3261296480647039,23,55,1,0
-0.7239849295155233,-0.3256039729619006,23,53,1,1
-0.7236988224919154,-0.3280787960826877,23,54,0,1
-0.7229167966273866,-0.33437464658501614,23,54,0,1
-0.7267697045453071,-0.3045745672746877,23,55,0,1
-0.7358011495905319,-0.3160566596400358,23,55,1,0
-0.7358011495905319,-0.32910514562186305,23,55,1,0
-0.7357916126897444,-0.33183123016248245,23,55,0,0
-0.7358011495905319,-0.3371180413550103,23,55,1,0
-0.7358011495905319,-0.33710083906159427,23,55,1,0
-0.7357916126897444,-0.33506257641771814,23,55,0,0
-0.7357916126897444,-0.27217161232058285,23,55,0,0
-0.7357916126897444,-0.3255576954196128,23,55,0,0
-0.7357916126897444,-0.3368181547857887,23,55,0,0
-0.7357916126897444,-0.3348991478842687,23,55,0,0
-0.7346662583968868,-0.3350794009352787,23,55,0,0
-0.7335409041040286,-0.33508075013476235,23,55,0,0
-0.7331880387749125,-0.3093189732908154,23,55,0,0
-0.7335504410048155,-0.3371180413550103,23,56,1,0
-0.7336076624095376,-0.33718415212970704,23,56,1,0
-0.7337507159213416,-0.3368183031977319,23,56,1,0
-0.7339033063339323,-0.33718415212970704,23,56,1,0
-0.734198950258327,-0.33718415212970704,23,56,1,0
-0.7343992251748525,-0.3366627270052771,23,56,1,0
-0.7346567214961001,-0.337036738594128,23,56,0,0
-0.7346567214961001,-0.3369535064779843,23,56,0,0
-0.7302506733325372,-0.3076084312015077,23,55,1,1
-0.7294304998648612,-0.33399650644574536,23,55,0,1
-0.7294400367656481,-0.3368795838382774,23,55,1,1
-0.7294400367656481,-0.33545464029565975,23,55,1,1
-0.7294400367656481,-0.3371180413550103,23,55,1,1
-0.7341321919528189,-0.3371855013291906,23,56,0,0
-0.7339128432347192,-0.33718415212970704,23,56,0,0
-0.7336171993103244,-0.33718415212970704,23,56,0,0
-0.7335027565008808,-0.336392765680602,23,56,0,0
-0.7341417288536056,-0.3371180413550103,23,56,1,0
-0.7346567214961001,-0.3371180413550103,23,56,1,0
-0.7341512657543924,-0.3160587104232509,23,56,1,0
-0.7341512657543924,-0.06498450551130068,23,56,1,0
-0.7341512657543924,-0.2572454319254237,23,56,1,0
-0.7341512657543924,2.122595718223041,23,56,1,1
-0.7341512657543924,0.8971807269419285,23,56,1,1
-0.734198950258327,-0.33718415212970704,23,56,1,0
-0.7342275609606882,-0.3371180413550103,23,56,1,0
-0.7341512657543924,-0.3160587104232509,23,56,1,0
-0.7345041310835086,-0.33718415212970704,23,56,1,0
-0.7345232048850829,-0.33681824922975256,23,56,1,0
-0.7346662583968868,-0.3350794009352787,23,56,1,0
-0.734799775007904,-0.33718415212970704,23,56,1,0
-0.7350954189322988,-0.33718415212970704,23,56,1,0
-0.7352480093448895,1.2455806238994787,23,56,1,1
-0.7353910628566935,-0.33718415212970704,23,56,1,0
-0.7358011495905319,-0.3350794009352787,23,56,1,0
-0.7362398470267306,-0.3370355378065876,23,56,0,0
-0.7362398470267306,-0.25449461655826977,23,56,0,0
-0.7362398470267306,-0.14569172974144706,23,56,0,0
-0.7362493839275174,-0.33455456233615527,23,56,1,0
-0.7362493839275174,-0.3371180413550103,23,56,1,0
-0.736440121943256,-0.3370255267464192,23,56,1,0
-0.7369265038833894,-0.3350794009352787,23,56,1,0
-0.7371649264030627,-0.33718415212970704,23,56,1,0
-0.7374796441290318,-0.33707756537050204,23,56,1,0
-0.7376417714424093,-0.33291438099991766,23,56,0,0
-0.737651308343196,-0.30983249210627145,23,56,1,0
-0.737651308343196,-0.3371180413550103,23,56,1,0
-0.7380518581762476,-0.3350794009352787,23,56,1,0
-0.7391676755683184,-0.3368778703549332,23,56,0,0
-0.7391772124691052,-0.33507805173579513,23,56,1,0
-0.7391772124691052,-0.3371180413550103,23,56,1,0
-0.7392344338738273,-0.3372502629044038,23,56,1,0
-0.7392344338738273,-0.33718685052867425,23,56,1,0
-0.739530077798222,-0.33718415212970704,23,56,1,0
-0.7398257217226168,-0.33718415212970704,23,56,1,0
-0.7401309025477983,-0.33718415212970704,23,56,1,0
-0.7403025667619634,-0.33507805173579513,23,56,1,0
-0.7411990354359351,-0.2542771930614864,23,56,1,0
-0.7414279210548216,-0.33507805173579513,23,56,1,0
-0.7414946793603299,-0.3363822958926092,23,56,1,0
-0.7419715243996764,-0.330724063574239,23,56,1,0
-0.742200410018563,-0.33455456233615527,23,56,1,0
-0.7425532753476791,-0.3350767025363115,23,56,1,0
-0.7425532753476791,-0.2937320764165387,23,56,1,0
-0.7426104967524005,0.20242683213978133,23,56,1,0
-0.7426104967524005,-0.2632582473600809,23,56,1,0
-0.7426104967524005,-0.3024454495375854,23,56,1,0
-0.7428775299744349,-0.33718415212970704,23,56,1,0
-0.7429347513791564,-0.3116181711148213,23,56,1,0
-0.7429347513791564,-0.32241176698368434,23,56,1,0
-0.7433066905098469,-0.3349437659111916,23,56,1,0
-0.6282535194163025,-0.3368259126828195,17,24,0,0
-0.6282535194163025,-0.33459758830768754,17,24,0,0
-0.6281676873092199,-0.33718415212970704,17,24,0,0
-0.6279674123926945,-0.336938962107551,17,24,0,0
-0.6279769492934812,-0.3237609664672922,17,24,1,0
-0.6279674123926945,-0.31193217031064135,17,24,0,0
-0.6279674123926945,-0.3352291620779592,17,24,0,0
-0.6273284400399703,-0.3371112953575922,17,24,0,0
-0.6273379769407571,-0.3357756688207894,17,24,1,0
-0.6273379769407571,-0.3371180413550103,17,24,1,0
-0.6281581504084331,-0.33522914858596436,17,24,1,0
-0.6281581504084331,-0.3371180413550103,17,24,1,0
-0.6281581504084331,-0.3368259261748143,17,24,1,0
-0.6289115655706009,-0.3241564168359377,17,24,0,0
-0.6289115655706009,-0.3321309008597866,17,24,0,0
-0.6289115655706009,-0.33618489451616257,17,24,0,0
-0.6289115655706009,-0.33704256713589725,17,24,0,0
-0.6289211024713877,-0.33511852772030337,17,24,1,0
-0.6289211024713877,-0.33522914858596436,17,24,1,0
-0.6289211024713877,-0.3371180413550103,17,24,1,0
-0.6290546190824048,-0.33718415212970704,17,24,1,0
-0.6291118404871263,-0.33455456233615527,17,24,1,0
-0.6293597999075864,-0.33718415212970704,17,24,1,0
-0.6296554438319818,-0.33718415212970704,17,24,1,0
-0.6296649807327686,-0.06066706716375548,17,24,1,0
-0.6299606246571633,-0.33718415212970704,17,24,1,0
-0.6302085840776235,-0.33511717852081974,17,24,1,0
-0.6302085840776235,-0.08765105683591308,17,24,1,0
-0.630542375605166,-0.3116181711148213,17,24,1,0
-0.6300655305658195,-0.25438415759654676,17,24,1,0
-0.6309524623390044,0.20242683213978133,17,24,1,0
-0.6309524623390044,-0.33522881128609344,17,24,1,0
-0.631038294446087,-0.29453645565667086,17,24,1,0
-0.6310669051484473,-0.32614018531267086,17,24,1,0
-0.6310955158508084,-0.23046166345663346,17,24,1,0
-0.6311908848586777,-0.33708076297327816,17,24,1,0
-0.6314960656838592,-0.33511717852081974,17,24,1,0
-0.6314960656838592,-0.29455340160218496,17,24,1,0
-0.6323353129531095,-0.33590376181976317,17,24,1,0
-0.6324116081594046,-0.33718415212970704,17,24,1,0
-0.632497440266487,-0.12461280843318574,17,24,1,0
-0.6327644734885214,-0.3034206374323423,17,24,1,0
-0.6327740103893083,-0.33511717852081974,17,24,1,0
-0.6330410436113426,-0.25872955135739234,17,24,1,0
-0.6330315067105551,-0.33590376181976317,17,24,1,0
-0.6335178886506891,-0.33698312140664943,17,24,1,0
-0.6336132576585585,-0.33718415212970704,17,24,1,0
-0.6336514052617056,-0.25872955135739234,17,24,1,0
-0.6337372373687882,-0.3370527131160139,17,24,1,0
-0.6337372373687882,-0.24907655523997657,17,24,1,0
-0.634061491995544,-0.33511582932133616,17,24,1,0
-0.6341377872018397,-0.3297167377477825,17,24,1,0
-0.6341568610034133,0.04052289410683563,17,24,1,0
-0.6341854717057743,-0.33701038872821315,17,24,1,0
-0.6348244440584985,-0.33718415212970704,17,24,1,0
-0.6348721285624331,-0.25872955135739234,17,24,1,0
-0.6350819403797454,-0.2815510177667126,17,24,1,0
-0.6350819403797454,-0.33590376181976317,17,24,1,0
-0.6351296248836801,-0.33455456233615527,17,24,1,0
-0.6351582355860411,3.151993179983831,17,24,1,1
-0.6330315067105551,-0.3352289731900315,17,24,1,0
-0.6353489736017798,-0.33511582932133616,17,24,1,0
-0.6354443426096491,3.1685285640950838,17,24,1,1
-0.6341187134002655,-0.33298405366125117,17,24,0,0
-0.6342617669120694,-0.335370828023738,17,24,0,0
-0.6336227945593452,-0.32690989012607435,17,24,0,0
-0.6328026210916693,-0.3371618093862585,17,24,0,0
-0.6333366875357374,-0.3352291620779592,17,24,0,0
-0.6332699292302284,-0.33718415212970704,17,24,0,0
-0.6330505805121294,-0.3180823612367195,17,24,0,0
-0.633069654313703,-0.33723191379142675,17,24,0,0
-0.633069654313703,-0.3362054428242979,17,25,0,0
-0.6330791912144897,-0.3362759924652957,17,25,1,0
-0.633069654313703,-0.3362977280689767,17,25,0,0
-0.633069654313703,-0.3129920069809999,17,25,0,0
-0.633069654313703,-0.32351836690814467,17,25,0,0
-0.633069654313703,-0.3237609664672922,17,25,0,0
-0.6327740103893083,-0.33658544485885605,17,25,0,0
-0.6327740103893083,-0.33674166866706295,17,25,0,0
-0.632783547290095,-0.33522914858596436,17,25,1,0
-0.632783547290095,-0.3371180413550103,17,25,1,0
-0.6330315067105551,-0.3352291620779592,17,25,0,0
-0.6330315067105551,-0.3365187674203761,17,25,0,0
-0.6330410436113426,-0.33599807086366734,17,25,1,0
-0.6330315067105551,-0.3368557974513814,17,25,0,0
-0.6330410436113426,-0.33648411997763705,17,25,1,0
-0.6330410436113426,-0.3371180413550103,17,25,1,0
-0.6332603923294415,-0.33718415212970704,17,25,1,0
-0.6335655731546238,-0.33718415212970704,17,25,1,0
-0.6338612170790185,-0.33718415212970704,17,25,1,0
-0.6341663979042,-0.33718415212970704,17,25,1,0
-0.6343857466222999,-0.33320536285254737,17,25,1,0
-0.634376209721513,-0.33562632592994884,17,25,0,0
-0.634376209721513,-0.31622806194243336,17,25,0,0
-0.634376209721513,-0.31282531338480013,17,25,0,0
-0.6343857466222999,-0.33522914858596436,17,26,1,0
-0.6343857466222999,-0.3371180413550103,17,26,1,0
-0.6344143573246602,-0.3368254809389847,17,26,1,0
-0.6344620418285949,-0.33718415212970704,17,26,1,0
-0.634767222653777,-0.33718415212970704,17,26,1,0
-0.6350628665781718,-0.33718415212970704,17,26,1,0
-0.635339436700993,-0.3180823612367195,17,26,1,0
-0.635339436700993,-0.33522914858596436,17,26,1,0
-0.635339436700993,-0.3371180413550103,17,26,1,0
-0.6353680474033534,-0.33718415212970704,17,26,1,0
-0.6356636913277488,-0.33718415212970704,17,26,1,0
-0.6359688721529303,-0.33718415212970704,17,26,1,0
-0.636264516077325,-0.3132257827755246,17,26,1,0
-0.6361309994663079,-0.3367238997098639,17,26,0,0
-0.6361405363670953,-0.33522914858596436,17,26,1,0
-0.6361405363670953,-0.3371180413550103,17,26,1,0
-0.6362549791765383,-0.3368682910385996,17,26,0,0
-0.636264516077325,1.0589809385185742,17,26,1,1
-0.636264516077325,-0.33522914858596436,17,26,1,0
-0.636264516077325,-0.3371180413550103,17,26,1,0
-0.636302663680473,-0.33609626560208433,17,26,1,0
-0.6365124754977851,-0.33707756537050204,17,26,1,0
-0.6365124754977851,-0.33522914858596436,17,26,1,0
-0.6365696969025073,-0.33718415212970704,17,26,1,0
-0.636865340826902,-0.33718415212970704,17,26,1,0
-0.636979783636345,-0.3364617907261834,17,26,0,0
-0.6369893205371318,-0.3087705506847185,17,26,1,0
-0.6369893205371318,-0.33522914858596436,17,26,1,0
-0.6369893205371318,-0.3371180413550103,17,26,1,0
-0.6370942264457885,-0.33511582932133616,17,26,1,0
-0.6371705216520835,-0.33718415212970704,17,26,1,0
-0.6374661655764783,-0.33718415212970704,17,26,1,0
-0.6377045880961516,-0.3371855013291906,17,26,0,0
-0.6377045880961516,-0.33633310407943684,17,26,0,0
-0.6377141249969391,-0.3087660848344278,17,26,1,0
-0.6377141249969391,-0.33523265650462175,17,26,1,0
-0.6377141249969391,-0.3371180413550103,17,26,1,0
-0.6383721711512369,-0.3351144801218525,17,26,1,0
-0.6383721711512369,-0.33718415212970704,17,26,1,0
-0.6384198556551715,-0.33156251010133225,17,26,0,0
-0.638429392555959,-0.3356708360209131,17,26,1,0
-0.638429392555959,-0.3306418838336924,17,26,1,0
-0.638429392555959,-0.33667636741205637,17,26,1,0
-0.6384198556551715,-0.3361428939362378,17,27,0,0
-0.6384198556551715,-0.33602390803377846,17,27,0,0
-0.6384198556551715,-0.3082200907874013,17,27,0,0
-0.6384198556551715,-0.33618385563256015,17,27,0,0
-0.6384198556551715,-0.3370874010347375,17,27,0,0
-0.638429392555959,-0.3356972803307918,17,27,1,0
-0.6384198556551715,-0.3368545426958616,17,27,0,0
-0.6384198556551715,-0.33640658148331415,17,27,0,0
-0.638429392555959,-0.3194620391366621,17,27,1,0
-0.638429392555959,-0.3362426942220403,17,27,1,0
-0.638429392555959,-0.3371180413550103,17,27,1,0
-0.638429392555959,-0.32206193304957964,17,27,1,0
-0.6384198556551715,-0.3364739605055255,17,28,0,0
-0.6384198556551715,-0.3206574298791387,17,28,0,0
-0.6384198556551715,-0.3369711540072299,17,28,0,0
-0.6383817080520243,-0.33718415212970704,17,28,0,0
-0.6381337486315636,-0.3116181711148213,17,28,0,0
-0.638076527226842,-0.33718415212970704,17,28,0,0
-0.6377808833024473,-0.33718415212970704,17,28,0,0
-0.6374757024772658,-0.33718415212970704,17,28,0,0
-0.637294501362314,-0.31614677267354596,17,28,0,0
-0.6376569035922169,-0.3361889960825927,17,28,0,0
-0.6376569035922169,-0.3371476158076909,17,28,0,0
-0.6376569035922169,-0.33639847279441765,17,28,0,0
-0.6376569035922169,-0.3339719105391592,17,28,0,0
-0.6376664404930045,-0.33700813556507553,17,28,1,0
-0.6376569035922169,-0.3344463835215596,17,28,0,0
-0.6376664404930045,-0.33547397432425985,17,28,1,0
-0.6376664404930045,-0.3371180413550103,17,28,1,0
-0.6376664404930045,-0.33328591006171876,17,28,1,0
-0.6377522726000863,-0.3368252380830777,17,28,1,0
-0.638429392555959,-0.33674026549960007,17,28,1,0
-0.638429392555959,-0.33522914858596436,17,28,1,0
-0.638429392555959,-0.3371180413550103,17,28,1,0
-0.6386678150756323,-0.33718415212970704,17,28,1,0
-0.6388871637937313,-0.3351144801218525,17,28,1,0
-0.6389729959008138,-0.33718415212970704,17,28,1,0
-0.6391446601149788,-0.3371642109613393,17,28,0,0
-0.6391446601149788,-0.3372321971233183,17,28,0,0
-0.6391446601149788,-0.33511411583799194,17,28,0,0
-0.6391541970157657,-0.33660008367325317,17,29,1,0
-0.6391541970157657,-0.3371112953575922,17,29,1,0
-0.6391446601149788,-0.3364620470740852,17,29,0,0
-0.6391446601149788,-0.336020076307245,17,29,0,0
-0.6391446601149788,-0.31186883888688083,17,29,0,0
-0.6391446601149788,-0.3368251436391138,17,29,0,0
-0.6389825328016007,-0.33718415212970704,17,29,0,0
-0.6386773519764191,-0.33718415212970704,17,29,0,0
-0.6383817080520243,-0.33718415212970704,17,29,0,0
-0.6382005069370725,-0.3063305638945981,17,29,0,0
-0.6380193058221206,-0.33584142880362045,17,29,0,0
-0.6380193058221206,-0.3352291620779592,17,29,0,0
-0.6376569035922169,-0.29074137338119926,17,29,0,0
-0.6374089441717569,0.2543615948462891,17,29,0,0
-0.6374089441717569,-0.3352291620779592,17,29,0,0
-0.6374089441717569,-0.33716694983629103,17,29,0,0
-0.6371800585528704,-0.33718415212970704,17,29,0,0
-0.6370942264457885,-0.33511582932133616,17,29,0,0
-0.6368748777276888,-0.33718415212970704,17,29,0,0
-0.6365983076048677,-0.30254399506786817,17,29,1,0
-0.6365983076048677,-0.33522914858596436,17,29,1,0
-0.6365983076048677,-0.3193504468473729,17,29,1,0
-0.6365983076048677,-0.3371180413550103,17,30,1,0
-0.6365983076048677,-0.33522914858596436,17,30,1,0
-0.6365983076048677,-0.3350805477548398,17,30,1,0
-0.6365983076048677,-0.3367342750538928,17,30,1,0
-0.6365983076048677,-0.3367644836303308,17,30,1,0
-0.6365887707040809,-0.30099221328179654,17,30,0,0
-0.6365887707040809,-0.3330189169759076,17,30,0,0
-0.6365887707040809,-0.3351359323936419,17,30,0,0
-0.6365887707040809,-0.3371900751154401,17,30,0,0
-0.6365887707040809,-0.3365035079742165,17,31,0,0
-0.6365887707040809,-0.33293295947680696,17,31,0,0
-0.6365887707040809,-0.3370412584123981,17,31,0,0
-0.6365887707040809,-0.33707211460458825,17,31,0,0
-0.6365887707040809,-0.33697205797088386,17,31,0,0
-0.6365887707040809,-0.3368240103115476,17,31,0,0
-0.6365887707040809,-0.3331305227571916,17,31,0,0
-0.6365887707040809,-0.3329974377201286,17,31,0,0
-0.6365887707040809,-0.3367841684507967,17,31,0,0
-0.6365887707040809,-0.20620045278636043,17,31,0,0
-0.6365983076048677,-0.33704680362227574,17,31,1,0
-0.6365887707040809,-0.328450716412339,17,32,0,0
-0.6365983076048677,-0.33336128983686797,17,32,1,0
-0.6365983076048677,-0.33522914858596436,17,32,1,0
-0.6365983076048677,-0.3371180413550103,17,32,1,0
-0.6365983076048677,-0.3199428128806509,17,32,1,0
-0.6365887707040809,-0.33717200933435454,17,32,0,0
-0.6365887707040809,-0.3369354137129091,17,32,0,0
-0.6365887707040809,-0.32666849135446724,17,32,0,0
-0.6365887707040809,-0.33712504370033014,17,32,0,0
-0.6365887707040809,-0.3134938417289278,17,32,0,0
-0.6365887707040809,-0.2811908354725687,17,32,0,0
-0.6365887707040809,-0.3369741222460938,17,33,0,0
-0.6365983076048677,-0.3368800695500915,17,33,1,0
-0.6365983076048677,-0.3342588447933381,17,33,1,0
-0.6365983076048677,-0.3371150731161463,17,33,1,0
-0.6365887707040809,-0.322530644950185,17,33,0,0
-0.6365983076048677,-0.3225571432280431,17,33,1,0
-0.6365887707040809,-0.23597296795123882,17,33,0,0
-0.6365887707040809,-0.3352291620779592,17,33,0,0
-0.6365887707040809,-0.3362546751134547,17,33,0,0
-0.6365983076048677,-0.3367617582473739,17,33,1,0
-0.6365983076048677,-0.3366779189914625,17,33,1,0
-0.6365887707040809,-0.33275607942450597,17,33,0,0
-0.6365887707040809,-0.3254062207935882,17,33,0,0
-0.6365887707040809,-0.33443020661975115,17,33,0,0
-0.6365887707040809,-0.3103901027608517,17,33,0,0
-0.6365887707040809,-0.31536623378828915,17,33,0,0
-0.6365887707040809,-0.3371241937046555,17,33,0,0
-0.6365887707040809,-0.3352291620779592,17,33,0,0
-0.6365887707040809,-0.3370949025838664,17,33,0,0
-0.6358162817403396,-0.33511582932133616,17,33,0,0
-0.6358162817403396,-0.3352291620779592,17,33,0,0
-0.6345383370348906,-0.33716995855113946,17,33,0,0
-0.6345478739356774,-0.32260988343585734,17,33,1,0
-0.6345383370348906,-0.3351988320735677,17,34,0,0
-0.6345383370348906,-0.3352291620779592,17,34,0,0
-0.6345383370348906,-0.3371631046177627,17,34,0,0
-0.6344715787293823,-0.33718415212970704,17,34,0,0
-0.6341759348049869,-0.33718415212970704,17,34,0,0
-0.6338707539798053,-0.33718415212970704,17,34,0,0
-0.6337277004680014,-0.3188134789448918,17,34,0,0
-0.6337277004680014,-0.3352291620779592,17,34,0,0
-0.6336895528648535,-0.3370809653532007,17,34,0,0
-0.6335751100554106,-0.33718415212970704,17,34,0,0
-0.6332699292302284,-0.33718415212970704,17,34,0,0
-0.6330315067105551,-0.31270022910067485,17,34,0,0
-0.6330315067105551,-0.2943457193256732,17,34,0,0
-0.6329742853058337,-0.33718415212970704,17,34,0,0
-0.6326691044806521,-0.33718415212970704,17,34,0,0
-0.6326214199767174,-0.31263803100448045,17,34,0,0
-0.6319443000208455,-0.314104880683059,17,34,0,0
-0.6317154144019589,-0.17425275821400943,17,34,0,0
-0.6317154144019589,-0.28975053477243246,17,34,0,0
-0.6317154144019589,-0.25241374619470136,17,34,0,0
-0.6317154144019589,-0.32720381323357833,17,34,0,0
-0.6317154144019589,-0.16757454457802648,17,34,0,0
-0.6317154144019589,-0.3351385093646556,17,34,0,0
-0.6317154144019589,-0.2747570293230413,17,34,0,0
-0.6312004217594644,-0.33511717852081974,17,34,0,0
-0.6312004217594644,-0.2126724008052894,17,34,0,0
-0.6312004217594644,-0.3352291620779592,17,34,0,0
-0.6305519125059529,-0.33511717852081974,17,34,0,0
-0.6300178460618848,-0.33718415212970704,17,34,0,0
-0.6296077593280471,-0.3187432935877545,17,34,0,0
-0.6301132150697542,-0.33406920131392215,17,34,0,0
-0.6301132150697542,-0.3322267210071124,17,34,0,0
-0.6301132150697542,-0.14081234980897916,17,34,0,0
-0.6301132150697542,-0.24142096800607327,17,34,0,0
-0.6301132150697542,-0.3168959291788141,17,34,0,0
-0.6296077593280471,-0.28020802460072936,17,34,0,0
-0.6296077593280471,-0.3237609664672922,17,34,0,0
-0.6296077593280471,-0.28409227547007254,17,34,0,0
-0.6296077593280471,-0.31103197092318335,17,34,0,0
-0.6288829548682398,-0.25872955135739234,17,34,0,0
-0.6283107408210239,-0.33511852772030337,17,34,0,0
-0.6280723183013506,-0.33298262350979857,17,34,0,0
-0.6279101909879731,-0.33455456233615527,17,34,0,0
-0.6271186282226574,-0.3364260234478729,17,34,0,0
-0.6271472389250184,-0.33673069967526126,17,34,0,0
-0.6271472389250184,-0.33673069967526126,17,34,0,0
-0.6260600322353082,-0.33511852772030337,17,34,0,0
-0.6257453145093398,-0.2944874392394314,17,34,0,0
-0.6247534768274987,-0.33293142138939563,17,34,0,0
-0.6247534768274987,-0.2944833376730012,17,34,0,0
-0.6247534768274987,-0.3371305079582388,17,34,0,0
-0.6243720007960215,-0.33590376181976317,17,34,0,0
-0.6238093236495924,-0.33511987691978695,17,34,0,0
-0.6237044177409363,-0.3331348401955392,17,34,0,0
-0.6237044177409363,-0.3206466632672595,17,34,0,0
-0.6235327535267712,-0.33590376181976317,17,34,0,0
-0.6233897000149673,-0.3099854778357177,17,34,0,0
-0.6233897000149673,-0.29749672075166006,17,34,0,0
-0.6233897000149673,-0.32575327537675663,17,34,0,0
-0.6227793383646035,-0.3091002005945484,17,34,0,0
-0.6221594398134529,-0.33708076297327816,17,34,0,0
-0.6218828696906324,-0.33455456233615527,17,34,0,0
-0.6215681519646634,-0.3351212261192706,17,34,0,0
-0.6206335356875439,-0.33590376181976317,17,34,0,1
-0.6204046500686581,-0.33590376181976317,17,34,0,1
-0.6197275301127854,-0.3323649330022132,17,34,0,1
-0.6196226242041292,-0.33590376181976317,17,34,0,1
-0.619555865898621,-0.3183332583726912,17,34,0,1
-0.6193651278828823,0.0836029820303784,17,34,0,1
-0.6193174433789477,-0.3351212261192706,17,34,0,1
-0.6170762716940187,-0.3362133086572873,17,34,0,1
-0.6170858085948056,-0.31244408357871184,17,34,1,1
-0.6173433049160524,-0.33718415212970704,17,34,1,1
-0.6176389488404478,-0.33718415212970704,17,34,1,1
-0.6176961702451693,-0.25872955135739234,17,34,1,1
-0.617743854749104,-0.3371180413550103,17,34,1,1
-0.6182016259868762,-0.2946168409619042,17,34,1,1
-0.6185258806136321,-0.19386921474201402,17,34,1,1
-0.61881198763724,-0.25872955135739234,17,34,1,1
-0.6188596721411747,-0.29270640147710514,17,34,1,1
-0.6190217994545529,-0.30111482853086685,17,34,1,1
-0.6191457791647826,-0.33718415212970704,17,34,1,1
-0.6192220743710783,-0.33051991620037424,17,34,1,1
-0.6192220743710783,-0.33646805101178734,17,34,1,1
-0.6207575153977742,-0.335758668907296,17,34,1,0
-0.6207575153977742,-0.33618354531667893,17,34,1,0
-0.6207575153977742,-0.33504357968898896,17,34,1,0
-0.6190408732561266,-0.3322803786705755,17,34,0,1
-0.6207384415962006,-0.3371180413550103,17,34,1,0
-0.6207289046954132,-0.3310292255134414,17,34,0,0
-0.6207289046954132,-0.33590376181976317,17,34,0,0
-0.6207289046954132,-0.20990594821612046,17,34,0,1
-0.6172097883050359,-0.33682669521852,17,34,0,1
-0.6170762716940187,-0.3361622279648379,17,34,0,1
-0.6158364745917176,-0.33455456233615527,17,34,0,1
-0.6148351000090898,-0.3352291620779592,17,34,0,1
-0.6148351000090898,-0.337146374544166,17,34,0,1
-0.6144726977791861,-0.27642026847845375,17,34,0,1
-0.6154836092626007,-0.3371180413550103,17,34,1,1
-0.615474072361814,-0.336940770034859,17,34,0,1
-0.6152737974452885,-0.32686412527959036,17,34,0,1
-0.6148923214138112,-0.336826857122458,17,34,1,1
-0.6161893399208338,-0.3371855013291906,17,34,1,1
-0.6164372993412939,-0.3371180413550103,17,34,1,1
-0.6167424801664761,-0.33718415212970704,17,34,1,1
-0.6165708159523111,-0.337039787784961,17,34,0,1
-0.6170095133885097,0.20242683213978133,17,34,1,1
-0.6170381240908709,-0.33718415212970704,17,34,1,1
-0.6170762716940187,-0.33512257531875417,17,34,1,1
-0.619269758875013,-0.3371180413550103,17,34,1,1
-0.6193079064781609,-0.2965082027660051,17,34,1,1
-0.6193174433789477,-0.3351212261192706,17,34,1,1
-0.6193174433789477,-0.3371855013291906,17,34,1,1
-0.6194414230891774,-0.33718415212970704,17,34,1,1
-0.6188787459427489,-0.3352291620779592,17,34,0,1
-0.6188787459427489,-0.3371855013291906,17,34,1,1
-0.6188882828435357,-0.33522914858596436,17,34,1,1
-0.6188882828435357,-0.3371180413550103,17,34,1,1
-0.6203283548623623,-0.3352291620779592,17,34,0,1
-0.6191362422639959,-0.3369994467204011,17,34,0,1
-0.6193269802797344,-0.33522914858596436,17,34,1,1
-0.6193269802797344,-0.3371180413550103,17,34,1,1
-0.6194414230891774,-0.33718415212970704,17,34,1,1
-0.6197466039143597,-0.33718415212970704,17,34,1,1
-0.6203378917631491,-0.31616889954507715,17,34,1,1
-0.6203283548623623,-0.33712320878903246,17,35,0,1
-0.6203378917631491,-0.3053588029665296,17,35,1,1
-0.6203378917631491,-0.335229094617985,17,35,1,1
-0.6203378917631491,-0.3371180413550103,17,35,1,1
-0.6203378917631491,-0.21635134398921202,17,35,1,1
-0.6203378917631491,-0.3371855013291906,17,35,1,1
-0.6203474286639359,-0.33718415212970704,17,35,1,1
-0.6206430725883313,-0.33718415212970704,17,35,1,0
-0.6209482534135129,-0.33718415212970704,17,35,1,0
-0.6212438973379076,-0.33522914858596436,17,35,1,0
-0.6212438973379076,-0.3371180413550103,17,35,1,0
-0.6215490781630898,-0.33718415212970704,17,35,1,0
-0.6215681519646634,-0.3351212261192706,17,35,1,0
-0.6215681519646634,-0.33522914858596436,17,35,1,0
-0.6215681519646634,-0.3371180413550103,17,35,1,0
-0.6227030431583085,-0.33522914858596436,17,35,1,0
-0.6227030431583085,-0.3371855013291906,17,35,1,0
-0.6227507276622432,-0.33718415212970704,17,35,1,0
-0.6230749822889989,-0.3353589145922978,17,35,0,0
-0.6227602645630299,-0.3352291620779592,17,35,0,0
-0.6213774139489248,-0.33557225001464586,17,35,0,0
-0.6213774139489248,-0.33703966635700744,17,35,0,0
-0.6213869508497116,-0.33522914858596436,17,35,1,0
-0.6213869508497116,-0.3371180413550103,17,35,1,0
-0.6213869508497116,-0.3371855013291906,17,35,1,0
-0.6215395412623024,-0.33712316831304795,17,35,0,0
-0.6213774139489248,-0.3227980158118516,17,35,0,0
-0.6213774139489248,-0.3362023261734908,17,35,0,0
-0.6213774139489248,-0.3337934519234624,17,35,0,0
-0.6213869508497116,-0.33522914858596436,17,35,1,0
-0.6213869508497116,-0.32471827746889137,17,35,1,0
-0.6213869508497116,-0.2852916193670361,17,35,1,1
-0.6213869508497116,-0.3371180413550103,17,35,1,0
-0.6213869508497116,-0.33522914858596436,17,35,1,0
-0.6215490781630898,-0.33718415212970704,17,35,1,0
-0.6218447220874845,-0.33718415212970704,17,35,1,0
-0.6221499029126661,-0.33718415212970704,17,35,1,0
-0.6224455468370609,-0.33718415212970704,17,35,1,0
-0.6227507276622432,-0.33718415212970704,17,35,1,0
-0.6230749822889989,-0.3352291216019747,17,35,1,0
-0.6230749822889989,-0.3371180413550103,17,35,1,0
-0.6230845191897857,-0.33455456233615527,17,35,1,0
-0.6230845191897857,-0.33522914858596436,17,35,1,0
-0.6230940560905726,-0.33706871462188953,17,35,1,0
-0.623685343939362,-0.33620980073862994,17,35,1,0
-0.6237997867488055,-0.33708636215113513,17,35,0,0
-0.6238093236495924,-0.33511987691978695,17,35,1,0
-0.6238093236495924,-0.33673137427500305,17,35,1,0
-0.6238093236495924,-0.3371180413550103,17,35,1,0
-0.6244673698038908,-0.32220349105939977,17,35,1,0
-0.6244673698038908,-0.3369921340592,17,35,1,0
-0.624848845835368,-0.33718415212970704,17,35,1,0
-0.6251540266605496,-0.33718415212970704,17,35,1,0
-0.6254496705849444,-0.33718415212970704,17,35,1,0
-0.625564113394388,0.20242683213978133,17,35,1,1
-0.625564113394388,-0.33712253418929067,17,35,1,0
-0.6260600322353082,-0.33511852772030337,17,35,1,0
-0.6278434326824648,-0.33663822554265477,17,35,1,0
-0.6278338957816773,-0.3352291620779592,17,35,0,0
-0.6278338957816773,-0.3368259396668091,17,35,0,0
-0.625497355088879,-0.3359712487779332,17,35,0,0
-0.6255068919896665,-0.3349172946173233,17,35,1,0
-0.625497355088879,-0.3370534146997454,17,35,0,0
-0.6255545764936011,-0.3335986140260346,17,36,0,0
-0.6255545764936011,-0.33527148646576,17,36,0,0
-0.625564113394388,-0.3371855013291906,17,36,1,0
-0.625564113394388,-0.3360764458616701,17,36,1,0
-0.625564113394388,-0.3371180413550103,17,36,1,0
-0.6275382518572825,-0.33704164968024836,17,36,0,0
-0.6275477887580694,-0.3365588521370341,17,36,1,0
-0.6275477887580694,-0.337025796586316,17,36,1,0
-0.6275573256588568,-0.33718415212970704,17,36,1,0
-0.6278529695832515,-0.33718415212970704,17,36,1,0
-0.6279197278887598,-0.3371180413550103,17,36,1,0
-0.6281581504084331,-0.33718415212970704,17,36,1,0
-0.6283107408210239,-0.33511852772030337,17,36,1,0
-0.6284537943328279,-0.33718415212970704,17,36,1,0
-0.62875897515801,-0.33718415212970704,17,36,1,0
-0.6291213773879131,-0.33455456233615527,17,36,1,0
-0.6291213773879131,-0.3369058257682336,17,36,1,0
-0.6291213773879131,-0.3371180413550103,17,36,1,0
-0.6291213773879131,-0.31854057636534244,17,36,1,0
-0.6291118404871263,-0.3371112953575922,17,36,0,0
-0.6291118404871263,-0.3357816862504863,17,36,0,0
-0.6291118404871263,-0.33311390061955365,17,36,0,0
-0.6291118404871263,-0.302162266057971,17,36,0,0
-0.6291118404871263,-0.3352291620779592,17,36,0,0
-0.6291118404871263,-0.26979298712297695,17,36,0,0
-0.6291118404871263,-0.3368258587148401,17,36,0,0
-0.6264796558699333,-0.33526189365743153,17,36,1,0
-0.6264796558699333,-0.3371180413550103,17,36,1,0
-0.6286445323485665,-0.2978372721933175,17,36,1,0
-0.6275668625596437,-0.3362064007559312,17,36,0,0
-0.6275668625596437,-0.336275722625399,17,36,0,0
-0.6274524197502,-0.3368259666507988,17,36,0,0
-0.6272616817344614,-0.33718415212970704,17,36,0,0
-0.6269660378100667,-0.33718415212970704,17,36,0,0
-0.6266608569848852,-0.33718415212970704,17,36,0,0
-0.6263652130604903,-0.33718415212970704,17,36,0,0
-0.6260600322353082,-0.3368464744829497,17,36,0,0
-0.6260600322353082,-0.33552501454072475,17,37,0,0
-0.6260600322353082,-0.3352291620779592,17,37,0,0
-0.6257739252117002,-0.3352291620779592,17,37,0,0
-0.6254878181880922,-0.3352291620779592,17,37,0,0
-0.6252017111644843,-0.3370271188018099,17,37,0,0
-0.6252017111644843,-0.3352291620779592,17,37,0,0
-0.6251635635613364,-0.33718415212970704,17,37,0,0
-0.6248583827361549,-0.33718415212970704,17,37,0,0
-0.6245627388117602,-0.33718415212970704,17,37,0,0
-0.6238093236495924,-0.33511987691978695,17,37,0,0
-0.6238093236495924,-0.3352291620779592,17,37,0,0
-0.6230463715866379,-0.3370374131938698,17,37,1,0
-0.623036834685851,-0.3372217408273203,17,37,0,0
-0.6230463715866379,-0.3354446022515017,17,37,1,0
-0.6230463715866379,-0.3371180413550103,17,37,1,0
-0.6230463715866379,-0.33682627696668005,17,37,1,0
-0.6246390340180552,-0.2806719063671834,17,37,1,0
-0.6246390340180552,-0.31587709468076247,17,37,1,0
-0.6246581078196295,-0.33522910810997986,17,37,1,0
-0.6251540266605496,-0.33718415212970704,17,37,1,0
-0.6255831871959615,-0.3352603825540099,17,37,0,0
-0.6254592074857318,-0.33718415212970704,17,37,0,0
-0.6253733753786493,-0.33705955355739586,17,37,0,0
-0.6251635635613364,-0.33718415212970704,17,37,0,0
-0.6251444897597628,-0.31885688269227946,17,37,0,0
-0.6255545764936011,-0.3340998686181846,17,37,0,0
-0.6255545764936011,-0.33620070713411043,17,37,0,0
-0.625564113394388,-0.33662829543445544,17,37,1,0
-0.625564113394388,-0.3371180413550103,17,37,1,0
-0.6255545764936011,-0.334095470227868,17,37,0,0
-0.6255545764936011,-0.3358064575530053,17,37,0,0
-0.625564113394388,-0.33598866694326657,17,37,1,0
-0.625564113394388,-0.3371180413550103,17,37,1,0
-0.625564113394388,-0.3370949835358354,17,37,1,0
-0.6257548514101265,-0.33718415212970704,17,37,1,0
-0.6260504953345213,-0.33718415212970704,17,37,1,0
-0.6260600322353082,-0.33511852772030337,17,37,1,0
-0.6260600322353082,-0.33522914858596436,17,37,1,0
-0.6272998293376093,-0.33685146652103903,17,37,0,0
-0.6272998293376093,-0.336894020272752,17,37,0,0
-0.6272998293376093,-0.3371313849379031,17,37,0,0
-0.6272998293376093,-0.33611117425637815,17,37,0,0
-0.6272998293376093,-0.3158817898949654,17,37,0,0
-0.6272998293376093,-0.3352494810221824,17,37,0,0
-0.6273093662383961,-0.33690176467778793,17,37,1,0
-0.6273093662383961,-0.33522914858596436,17,37,1,0
-0.6273093662383961,-0.3371180413550103,17,37,1,0
-0.6275573256588568,-0.33718415212970704,17,37,1,0
-0.6278529695832515,-0.33718415212970704,17,37,1,0
-0.6281581504084331,-0.33718415212970704,17,37,1,0
-0.6283012039202371,-0.33409096390159276,17,38,0,0
-0.6283012039202371,-0.33413767318771526,17,38,0,0
-0.6283012039202371,-0.33716415699335994,17,38,0,0
-0.6283012039202371,-0.33709720971498336,17,38,0,0
-0.6283012039202371,-0.3371202675341582,17,38,0,0
-0.6283012039202371,-0.3372322375993028,17,38,0,0
-0.6283012039202371,-0.335627135449639,17,38,0,0
-0.6283012039202371,-0.31595611729451734,17,38,0,0
-0.6282153718131546,-0.3368259126828195,17,38,0,0
-0.6281676873092199,-0.33718415212970704,17,38,0,0
-0.6278625064840384,-0.33718415212970704,17,38,0,0
-0.6275668625596437,-0.33718415212970704,17,38,0,0
-0.6272616817344614,-0.33718415212970704,17,38,0,0
-0.6270518699171491,-0.1551688037381952,17,38,0,0
-0.627595473262004,-0.3371909520951044,17,38,1,0
-0.627595473262004,-0.33529115779423097,17,38,1,0
-0.627595473262004,-0.3371180413550103,17,38,1,0
-0.627595473262004,-0.3368259666507988,17,38,1,0
-0.6278529695832515,-0.33718415212970704,17,38,1,0
-0.6281581504084331,-0.33718415212970704,17,38,1,0
-0.6283012039202371,-0.3360860521619934,17,39,0,0
-0.6283012039202371,-0.33639607121933685,17,39,0,0
-0.6282153718131546,-0.3371574784559161,17,39,0,0
-0.6281676873092199,-0.33718415212970704,17,39,0,0
-0.6278625064840384,-0.33718415212970704,17,39,0,0
-0.627595473262004,-0.3368948702684267,17,39,0,0
-0.6276336208651518,-0.3352291620779592,17,39,0,0
-0.627595473262004,-0.3231761289671327,17,39,0,0
-0.627595473262004,-0.33699109517559755,17,39,0,0
-0.6277194529722344,-0.32337516287495455,17,39,0,0
-0.627595473262004,-0.3368259666507988,17,39,0,0
-0.627595473262004,-0.33661831135827674,17,39,1,0
-0.6275859363612172,-0.3371475348557219,17,39,0,0
-0.627595473262004,-0.3371180413550103,17,39,1,0
-0.627595473262004,-0.3371855013291906,17,39,1,0
-0.6277289898730212,-0.33522913509396957,17,40,1,0
-0.6277289898730212,-0.3371180413550103,17,40,1,0
-0.6283107408210239,-0.33511852772030337,17,40,1,0
-0.6283107408210239,-0.33522914858596436,17,40,1,0
-0.6283107408210239,-0.3368291102855956,17,40,1,0
-0.6284537943328279,-0.33718415212970704,17,40,1,0
-0.62875897515801,-0.33718415212970704,17,40,1,0
-0.6290546190824048,-0.33718415212970704,17,40,1,0
-0.6293121154036517,-0.33522914858596436,17,40,1,0
-0.6293121154036517,-0.3371180413550103,17,40,1,0
-0.6293597999075864,-0.33718415212970704,17,40,1,0
-0.6296554438319818,-0.33718415212970704,17,40,1,0
-0.6299606246571633,-0.33718415212970704,17,40,1,0
-0.6302562685815581,-0.33718415212970704,17,40,1,0
-0.630542375605166,-0.33640524577582537,17,40,0,0
-0.630542375605166,-0.33485238463016687,17,40,0,0
-0.630542375605166,-0.3368898647383425,17,40,0,0
-0.630542375605166,-0.33559225864298775,17,40,0,0
-0.630542375605166,-0.32844940768883996,17,40,0,0
-0.6304470065972967,-0.33682576427087624,17,40,0,0
-0.6304470065972967,-0.3352291620779592,17,40,0,0
-0.6286063847454193,-0.3352291620779592,17,40,0,0
-0.6286063847454193,-0.3247270607575296,17,40,0,0
-0.6286063847454193,-0.30878417759950294,17,40,0,0
-0.628615921646206,-0.33522914858596436,17,40,1,0
-0.628615921646206,-0.3371180413550103,17,40,1,0
-0.628615921646206,-0.3371855013291906,17,40,1,0
-0.62875897515801,-0.33718415212970704,17,40,1,0
-0.6290546190824048,-0.33718415212970704,17,40,1,0
-0.6293597999075864,-0.33718415212970704,17,40,1,0
-0.6293884106099474,-0.3251620696550345,17,40,1,0
-0.6292453570981434,-0.3352291620779592,17,40,0,0
-0.6290641559831917,-0.33718415212970704,17,40,0,0
-0.6290069345784701,-0.3372484684690906,17,40,0,0
-0.6290069345784701,-0.33718999416347106,17,40,0,0
-0.6290069345784701,-0.33570108507333557,17,40,0,0
-0.6290069345784701,-0.33678103830799466,17,40,0,0
-0.6287685120587969,-0.33718415212970704,17,40,0,0
-0.6286063847454193,-0.32651862227582806,17,40,0,0
-0.6286063847454193,-0.3352291620779592,17,40,0,0
-0.6284633312336153,-0.33718415212970704,17,40,0,0
-0.6281676873092199,-0.33718415212970704,17,40,0,0
-0.6278625064840384,-0.33718415212970704,17,40,0,0
-0.6277194529722344,-0.3369118297059356,17,40,0,0
-0.6276336208651518,-0.33606302132680826,17,40,0,0
-0.6278052850793169,-0.3352291620779592,17,41,0,0
-0.6278052850793169,-0.33716232208206226,17,41,0,0
-0.6278148219801037,-0.3352291216019747,17,41,1,0
-0.6278148219801037,-0.3368259396668091,17,41,1,0
-0.6278148219801037,-0.3371180413550103,17,41,1,0
-0.6278529695832515,-0.33718415212970704,17,41,1,0
-0.6281581504084331,-0.33718415212970704,17,41,1,0
-0.6284537943328279,-0.33718415212970704,17,41,1,0
-0.62875897515801,-0.33718415212970704,17,41,1,0
-0.6290546190824048,-0.33718415212970704,17,41,1,0
-0.6291023035863395,-0.33522914858596436,17,41,1,0
-0.6291023035863395,-0.3371180413550103,17,41,1,0
-0.6292644308997171,-0.3249421501392064,17,41,1,0
-0.6290927666855527,-0.3364072695750508,17,41,0,0
-0.6291023035863395,-0.33522914858596436,17,41,1,0
-0.6291023035863395,-0.3371180413550103,17,41,1,0
-0.6293597999075864,-0.33718415212970704,17,41,1,0
-0.6296554438319818,-0.33718415212970704,17,41,1,0
-0.6299606246571633,-0.33718415212970704,17,41,1,0
-0.6302562685815581,-0.33718415212970704,17,41,1,0
-0.6305042280020182,-0.33704085365255304,17,41,0,0
-0.6305137649028056,-0.3371112953575922,17,41,1,0
-0.6305042280020182,-0.33719045289129546,17,41,0,0
-0.6305042280020182,-0.336349469869173,17,41,0,0
-0.6305042280020182,-0.33617090331751753,17,41,0,0
-0.6305042280020182,-0.33702398865900796,17,41,0,0
-0.6305137649028056,-0.3371180413550103,17,41,1,0
-0.6305042280020182,-0.33621100152617034,17,41,0,0
-0.6305042280020182,-0.3372318058554681,17,41,0,0
-0.6305137649028056,-0.3353937644149594,17,42,1,0
-0.6305137649028056,-0.33578420925352065,17,42,1,0
-0.6305042280020182,-0.33652124994742594,17,42,0,0
-0.6305042280020182,-0.3358802047967794,17,42,0,0
-0.6305137649028056,-0.33669790063581473,17,42,1,0
-0.6305137649028056,-0.3371180413550103,17,42,1,0
-0.6317917096082539,-0.33511717852081974,17,42,1,0
-0.6317917096082539,-0.33522905414200055,17,42,1,0
-0.6317917096082539,-0.3371180413550103,17,42,1,0
-0.6320587428302883,-0.33718415212970704,17,42,1,0
-0.6323639236554699,-0.33718415212970704,17,42,1,0
-0.6326595675798653,-0.33718415212970704,17,42,1,0
-0.6328407686948164,-0.33522914858596436,17,42,1,0
-0.6328407686948164,-0.3371180413550103,17,42,1,0
-0.6328407686948164,-0.33139815062023914,17,42,1,0
-0.6328312317940297,-0.3352291620779592,17,42,0,0
-0.6327358627861603,-0.3368256023669382,17,42,0,0
-0.6326691044806521,-0.33718415212970704,17,42,0,0
-0.6323734605562573,-0.33718415212970704,17,42,0,0
-0.6320682797310752,-0.33718415212970704,17,42,0,0
-0.6319061524176975,-0.33676822091290043,17,42,0,0
-0.6324020712586177,-0.33623374902946396,17,42,1,0
-0.6324020712586177,-0.3372169376771587,17,43,1,0
-0.6323925343578309,-0.33533009569132793,17,43,0,0
-0.6323925343578309,-0.3371520276900023,17,43,0,0
-0.6323734605562573,-0.33718415212970704,17,43,0,0
-0.6321350380365841,-0.33682564284292277,17,43,0,0
-0.6320682797310752,-0.33718415212970704,17,43,0,0
-0.6317726358066804,-0.33718415212970704,17,43,0,0
-0.6314674549814988,-0.33718415212970704,17,43,0,0
-0.6308094088272004,-0.33544962127358074,17,43,0,0
-0.6315818977909418,-0.3371788632677313,17,43,1,0
-0.6315818977909418,-0.33674087263936764,17,43,1,0
-0.6315818977909418,-0.3371855013291906,17,43,1,0
-0.6315818977909418,-0.335492647245113,17,43,1,0
-0.6315723608901549,-0.33622537050067075,17,43,0,0
-0.6315723608901549,-0.3362567528806595,17,43,0,0
-0.6314674549814988,-0.33718415212970704,17,43,0,0
-0.6311718110571034,-0.33718415212970704,17,43,0,0
-0.631143200354743,-0.3369020615016743,17,43,0,0
-0.6308666302319219,-0.33718415212970704,17,43,0,0
-0.6305709863075271,-0.33718415212970704,17,43,0,0
-0.6305137649028056,-0.33511717852081974,17,43,0,0
-0.6299606246571633,-0.3372387407408138,17,43,0,0
-0.6299606246571633,-0.33214328651104613,17,43,0,0
-0.6299606246571633,-0.33637778956633396,17,43,0,0
-0.6299606246571633,-0.33610433381499627,17,43,0,0
-0.6296649807327686,-0.33718415212970704,17,43,0,0
-0.6294360951138821,-0.24949722214697068,17,43,0,0
-0.6294360951138821,-0.3359389624342905,17,43,0,0
-0.6294360951138821,-0.2239427767876698,17,43,0,0
-0.6294360951138821,-0.3352291620779592,17,43,0,0
-0.6293884106099474,-0.3371855013291906,17,43,0,0
-0.6293693368083738,-0.33718415212970704,17,43,0,0
-0.6275859363612172,-0.3152455074184959,17,43,0,0
-0.6275859363612172,-0.3352291620779592,17,43,0,0
-0.6270518699171491,-0.3169571963273647,17,43,0,0
-0.6270518699171491,-0.3352291620779592,17,43,0,0
-0.6265368772746547,-0.33511852772030337,17,43,0,0
-0.6265368772746547,-0.3352291620779592,17,43,0,0
-0.625640408600683,-0.3352291620779592,17,43,0,0
-0.6255545764936011,-0.31384982801267775,17,43,0,0
-0.6255545764936011,-0.3352291620779592,17,43,0,0
-0.6254687443865187,-0.294579899880043,17,43,0,0
-0.6254687443865187,-0.3352291620779592,17,43,0,0
-0.6254592074857318,-0.335229094617985,17,43,1,0
-0.6254592074857318,-0.336826115062742,17,43,1,0
-0.6254592074857318,-0.3371180413550103,17,43,1,0
-0.6268802057029841,-0.3320553726726942,17,43,0,0
-0.6268802057029841,-0.3352291620779592,17,43,0,0
-0.6268802057029841,-0.33724769942538496,17,43,0,0
-0.6268802057029841,-0.32683955635699385,17,43,0,0
-0.6268897426037716,-0.3352291216019747,17,44,1,0
-0.6268897426037716,-0.3371180413550103,17,44,1,0
-0.6268897426037716,-0.33682600712678334,17,44,1,0
-0.6269565009092799,-0.33718415212970704,17,44,1,0
-0.6272521448336746,-0.33718415212970704,17,44,1,0
-0.6274238090478397,-0.19054366737883277,17,44,1,0
-0.6272902924368224,-0.33700997047637327,17,44,0,0
-0.6272902924368224,-0.3372043091699921,17,44,0,0
-0.6272902924368224,-0.33723156299956103,17,44,0,0
-0.6272998293376093,-0.33522914858596436,17,44,1,0
-0.6272998293376093,-0.3371180413550103,17,44,1,0
-0.6272998293376093,-0.3371855013291906,17,44,1,0
-0.6275573256588568,-0.33718415212970704,17,44,1,0
-0.6278529695832515,-0.33718415212970704,17,44,1,0
-0.6280723183013506,-0.33717084902279865,17,44,0,0
-0.6280723183013506,-0.3357948274534567,17,44,0,0
-0.6280818552021381,-0.33522914858596436,17,44,1,0
-0.6280818552021381,-0.3371180413550103,17,44,1,0
-0.6280818552021381,-0.3371855013291906,17,44,1,0
-0.6281581504084331,-0.33718415212970704,17,44,1,0
-0.6284537943328279,-0.33718415212970704,17,44,1,0
-0.62875897515801,-0.33718415212970704,17,44,1,0
-0.6290546190824048,-0.33718415212970704,17,44,1,0
-0.6294456320146689,-0.3370394504850901,17,44,0,0
-0.6294456320146689,-0.33710784140691413,17,44,0,0
-0.6294456320146689,-0.3362335466495414,17,44,0,0
-0.6294456320146689,-0.33708244947263266,17,44,0,0
-0.6294456320146689,-0.3360066922483676,17,44,0,0
-0.6294456320146689,-0.33525344766866416,17,44,0,0
-0.6294456320146689,-0.33542749440204955,17,44,0,0
-0.6294456320146689,-0.3370546289792807,17,45,0,0
-0.6294456320146689,-0.337032542583734,17,45,0,0
-0.6294456320146689,-0.3338067010623914,17,45,0,0
-0.6294456320146689,-0.33097224881924864,17,45,0,0
-0.6294456320146689,-0.33704151476030003,17,45,0,0
-0.6294456320146689,-0.3366530667369745,17,45,0,0
-0.6294456320146689,-0.3370425536439024,17,45,0,0
-0.6294456320146689,-0.3369623032586174,17,45,0,0
-0.6294551689154557,-0.33522914858596436,17,45,1,0
-0.6294551689154557,-0.3371180413550103,17,45,1,0
-0.6294551689154557,-0.32636110323611683,17,45,1,0
-0.6294551689154557,-0.3371855013291906,17,45,1,0
-0.6305042280020182,-0.33625475606542377,17,45,0,0
-0.6305137649028056,-0.33511717852081974,17,45,1,0
-0.6305137649028056,-0.33522914858596436,17,45,1,0
-0.6305137649028056,-0.3371180413550103,17,45,1,0
-0.6317821727074672,-0.33706602971491717,17,45,0,0
-0.6317917096082539,-0.3361422328284909,17,45,1,0
-0.6317821727074672,-0.33673188697080686,17,45,0,0
-0.6317917096082539,-0.33622790699569993,17,45,1,0
-0.6317917096082539,-0.33522914858596436,17,45,1,0
-0.6317917096082539,-0.3371180413550103,17,45,1,0
-0.6317917096082539,-0.3371855013291906,17,45,1,0
-0.6320587428302883,-0.33718415212970704,17,45,1,0
-0.6330791912144897,-0.33511717852081974,17,46,1,0
-0.6330791912144897,-0.33522914858596436,17,46,1,0
-0.6330791912144897,-0.3371180413550103,17,46,1,0
-0.6343571359199387,-0.33511582932133616,17,46,1,0
-0.6343571359199387,-0.33522906763399535,17,46,1,0
-0.6343571359199387,-0.3371180413550103,17,46,1,0
-0.6344620418285949,-0.33718415212970704,17,46,1,0
-0.634767222653777,-0.33718415212970704,17,46,1,0
-0.6350628665781718,-0.33718415212970704,17,46,1,0
-0.6351296248836801,-0.3370791439338978,17,46,0,0
-0.6351391617844675,-0.3372289725365525,17,46,1,0
-0.6351391617844675,-0.3345785511029738,17,46,1,0
-0.6351391617844675,-0.33522914858596436,17,46,1,0
-0.6351391617844675,-0.3371180413550103,17,46,1,0
-0.6351391617844675,-0.3162331349324917,17,46,1,0
-0.6351391617844675,-0.31587709468076247,17,46,1,0
-0.6351391617844675,-0.17247891168493082,17,46,1,0
-0.6351296248836801,-0.3366371461830679,17,46,0,0
-0.6351296248836801,-0.33671704577648714,17,46,0,0
-0.6351391617844675,-0.33522914858596436,17,46,1,0
-0.6351391617844675,-0.3371180413550103,17,46,1,0
-0.6353680474033534,-0.33718415212970704,17,46,1,0
-0.6354634164112227,-0.3116181711148213,17,46,1,0
-0.6356350806253878,-0.33511582932133616,17,46,1,0
-0.6365124754977851,-0.33707756537050204,17,46,1,0
-0.6365696969025073,-0.33718415212970704,17,46,1,0
-0.6365887707040809,0.40201113239895886,17,46,1,0
-0.6365887707040809,0.5101230806682311,17,46,1,0
-0.6365887707040809,0.3022126815077816,17,46,1,0
-0.6365887707040809,0.3388234388593936,17,46,1,0
-0.6365887707040809,0.3316298310206725,17,46,1,0
-0.6365887707040809,0.7027914653264037,17,46,1,1
-0.6365887707040809,0.5946306220678454,17,46,1,1
-0.6365887707040809,0.5934348535495134,17,46,1,1
-0.6365887707040809,0.20428791790747,17,46,1,0
-0.6365887707040809,1.580940332452026,17,46,1,1
-0.6365887707040809,-0.1932380457315874,17,46,1,0
-0.6365887707040809,-0.2806744968301919,17,46,1,0
-0.6365887707040809,1.580940332452026,17,46,1,1
-0.6365887707040809,0.4231106559833349,17,46,1,0
-0.6365887707040809,0.5617908098129434,17,46,1,0
-0.6365887707040809,0.44313284378005,17,46,1,0
-0.6365887707040809,-0.3371180413550103,17,46,1,0
-0.6365887707040809,-0.33522914858596436,17,46,1,0
-0.6365983076048677,-0.33643173056168857,17,46,1,0
-0.6365983076048677,-0.33411601853600337,17,46,1,0
-0.636865340826902,-0.33718415212970704,17,46,1,0
-0.6369130253308367,-0.33511582932133616,17,46,1,0
-0.6381909700362857,-0.3351144801218525,17,46,1,0
-0.6381909700362857,-0.3352291620779592,17,46,1,0
-0.6388108685874363,-0.33590376181976317,17,46,1,0
-0.6388108685874363,-0.3352290811259902,17,46,1,0
-0.6391446601149788,-0.3318673617246535,17,46,0,0
-0.6391446601149788,-0.3361540383239724,17,46,0,0
-0.6391541970157657,-0.33148831762172865,17,46,1,0
-0.6391541970157657,-0.3314144894259856,17,46,1,0
-0.6391446601149788,-0.33690196705771047,17,46,0,0
-0.6389825328016007,-0.33718415212970704,17,46,0,0
-0.638858553091371,-0.3116181711148213,17,46,0,0
-0.638715499579567,-0.32116177413810615,17,46,0,0
-0.6390588280078964,-0.3371180413550103,17,46,1,0
-0.6390588280078964,-0.33522914858596436,17,46,1,0
-0.6391446601149788,-0.33716419746934445,17,46,0,0
-0.6391541970157657,-0.3211548797287449,17,46,1,0
-0.6391541970157657,-0.33522914858596436,17,46,1,0
-0.6391541970157657,-0.3371180413550103,17,46,1,0
-0.639468914741734,-0.3351144801218525,17,46,1,0
-0.6395738206503908,-0.33718415212970704,17,46,1,0
-0.6397454848645552,-0.33710283587683,17,46,1,0
-0.6398694645747856,-0.33718415212970704,17,46,1,0
-0.6398790014755723,-0.3087527547435297,17,47,1,0
-0.6398790014755723,-0.33522914858596436,17,47,1,0
-0.6398790014755723,-0.3371180413550103,17,47,1,0
-0.6398790014755723,-0.25997594184034933,17,47,1,0
-0.6398790014755723,-0.3360065708204141,17,47,1,0
-0.6399171490787202,-0.3250073569502492,17,47,1,0
-0.6398694645747856,-0.3352291620779592,17,47,0,0
-0.6398694645747856,-0.3109462023120104,17,47,0,0
-0.6395833575511776,-0.33718415212970704,17,47,0,0
-0.6392781767259954,-0.33718415212970704,17,47,0,0
-0.6390492911071095,-0.30028592084412264,17,47,0,0
-0.6390492911071095,-0.32979530163371296,17,47,0,0
-0.6390492911071095,-0.3352291620779592,17,47,0,0
-0.63836263425045,-0.3352291216019747,17,47,1,0
-0.6383721711512369,-0.33718415212970704,17,47,1,0
-0.6386678150756323,-0.33718415212970704,17,47,1,0
-0.6389729959008138,-0.33718415212970704,17,47,1,0
-0.6392686398252085,-0.33718415212970704,17,47,1,0
-0.6393735457338646,-0.1029601670285098,17,47,1,0
-0.638429392555959,-0.3352291620779592,17,47,0,0
-0.6381909700362857,-0.3351144801218525,17,47,0,0
-0.6376569035922169,-0.3224487215575404,17,47,0,0
-0.6384007818535979,-0.3352291620779592,17,47,0,0
-0.6379811582189728,-0.3352291620779592,17,47,0,0
-0.6373994072709701,-0.3352291620779592,17,47,0,0
-0.6371895954536578,-0.29450604470031033,17,47,0,0
-0.6371800585528704,-0.33718415212970704,17,47,0,0
-0.6370179312394928,-0.29802718551263013,17,47,0,0
-0.637294501362314,-0.3352291620779592,17,47,0,0
-0.637294501362314,-0.3126099811472163,17,47,0,0
-0.6369130253308367,-0.3351172189968043,17,47,0,0
-0.6369225622316235,-0.33522914858596436,17,48,1,0
-0.6369225622316235,-0.3371180413550103,17,48,1,0
-0.6369225622316235,-0.33682530554305185,17,48,1,0
-0.6379811582189728,-0.3355240970850759,17,48,1,0
-0.637971621318186,-0.3352291620779592,17,48,0,0
-0.6371800585528704,-0.3352291620779592,17,48,0,0
-0.6369130253308367,-0.3372515716279029,17,48,0,0
-0.6369130253308367,-0.3024427376466233,17,48,0,0
-0.6369130253308367,-0.3352291620779592,17,48,0,0
-0.6359688721529303,-0.3368464744829497,17,48,1,0
-0.6359593352521435,-0.33723830899697904,17,48,0,0
-0.6359593352521435,-0.3370421084080728,17,48,0,0
-0.6359688721529303,-0.33563563540638575,17,48,1,0
-0.6359688721529303,-0.3371180413550103,17,48,1,0
-0.6359688721529303,-0.3161774804537929,17,48,1,0
-0.6359688721529303,-0.31623201509692034,17,48,1,0
-0.6359688721529303,-0.25872955135739234,17,48,1,0
-0.6359688721529303,-0.06889718401376355,17,48,1,0
-0.6359688721529303,-0.2581898715639492,17,48,1,0
-0.6359688721529303,0.3564909902253215,17,48,1,0
-0.6359593352521435,-0.33545466727964945,17,48,0,0
-0.6359593352521435,-0.31744850731932056,17,48,0,0
-0.6356350806253878,-0.33511582932133616,17,48,0,0
-0.6356350806253878,-0.3352291620779592,17,48,0,0
-0.6346241691419731,-0.3352291620779592,17,48,0,0
-0.6344715787293823,-0.33718415212970704,17,48,0,0
-0.6343571359199387,-0.33511582932133616,17,48,0,0
-0.6340328812931829,-0.3270274998450604,17,48,0,0
-0.6341473241026265,-0.3352291620779592,17,48,0,0
-0.6341473241026265,-0.33477987864991776,17,48,0,0
-0.6341568610034133,-0.33522914858596436,17,48,1,0
-0.6341568610034133,-0.3371180413550103,17,48,1,0
-0.6341663979042,-0.33718415212970704,17,48,1,0
-0.6344620418285949,-0.33718415212970704,17,48,1,0
-0.6345383370348906,-0.3251201230430891,17,48,1,0
-0.6344048204238734,-0.3372322106153131,17,48,0,0
-0.6344143573246602,-0.3358163741692099,17,49,1,0
-0.6344143573246602,-0.33666573572012554,17,49,1,0
-0.6344143573246602,-0.3371180413550103,17,49,1,0
-0.6344143573246602,-0.316233850008218,17,49,1,0
-0.6344143573246602,-0.22339967002753827,17,49,1,0
-0.6344048204238734,-0.3352499127660171,17,49,0,0
-0.6344048204238734,-0.3021235980007707,17,49,0,0
-0.6341759348049869,-0.33718415212970704,17,49,0,0
-0.6341663979042,-0.30525360588279266,17,49,0,0
-0.6341663979042,-0.33516767905749123,17,49,0,0
-0.6341663979042,-0.33343742516372793,17,49,0,0
-0.6341759348049869,-0.33522914858596436,17,49,1,0
-0.6341759348049869,-0.3371180413550103,17,49,1,0
-0.6344620418285949,-0.33718415212970704,17,49,1,0
-0.6345478739356774,-0.33666715237958333,17,49,1,0
-0.6345478739356774,-0.3358149575097521,17,49,1,0
-0.6345478739356774,-0.3371180413550103,17,49,1,0
-0.634767222653777,-0.33718415212970704,17,49,1,0
-0.6350628665781718,-0.33718415212970704,17,49,1,0
-0.6353680474033534,-0.33718415212970704,17,49,1,0
-0.6354157319072881,-0.3267536663178674,17,49,1,0
-0.6350342558758107,-0.3352291620779592,17,49,0,0
-0.634805370256925,-0.33634082150048306,17,49,0,0
-0.6350342558758107,-0.3352291620779592,17,49,0,0
-0.6345383370348906,-0.32578476569270404,17,49,0,0
-0.6350342558758107,-0.3371384952191817,17,49,0,0
-0.6350437927765983,-0.33522914858596436,17,49,1,0
-0.6350437927765983,-0.3371180413550103,17,49,1,0
-0.6350437927765983,-0.2581898715639492,17,49,1,0
-0.6350437927765983,-0.3214550091538735,17,49,1,0
-0.6350437927765983,-0.33522914858596436,17,49,1,0
-0.6350437927765983,-0.3371180413550103,17,49,1,0
-0.6350628665781718,-0.33718415212970704,17,49,1,0
-0.6353680474033534,-0.33718415212970704,17,49,1,0
-0.6356350806253878,-0.33511582932133616,17,49,1,0
-0.6356636913277488,-0.33718415212970704,17,49,1,0
-0.6359688721529303,-0.33522914858596436,17,50,1,0
-0.6359688721529303,-0.3371180413550103,17,50,1,0
-0.6359688721529303,-0.33510229685051557,17,50,1,0
-0.63690348843005,-0.33670754741212255,17,50,0,0
-0.63690348843005,-0.3371762188367434,17,50,0,0
-0.63690348843005,-0.3337099634594167,17,50,0,0
-0.63690348843005,-0.3368316197966351,17,50,0,0
-0.63690348843005,-0.3371112953575922,17,50,0,0
-0.63690348843005,-0.3354852941079273,17,50,0,0
-0.6368748777276888,-0.33718415212970704,17,50,0,0
-0.6365792338032941,-0.33718415212970704,17,50,0,0
-0.6362740529781119,-0.33718415212970704,17,50,0,0
-0.636016556656865,-0.32348732182802686,17,50,0,0
-0.6363884957875555,-0.3353764946615692,17,50,1,0
-0.6363789588867687,-0.33693237801407094,17,50,0,0
-0.6363884957875555,-0.3371056152277662,17,50,1,0
-0.6363884957875555,-0.3371180413550103,17,50,1,0
-0.6363884957875555,-0.33615818036638706,17,50,1,0
-0.6363884957875555,-0.3304590807956584,17,50,1,0
-0.6363884957875555,-0.3372115408792243,17,50,1,0
-0.6363789588867687,-0.3355497453672593,17,50,0,0
-0.6363789588867687,-0.2974825136810977,17,50,0,0
-0.6363789588867687,-0.3129270835018486,17,50,0,0
-0.6362740529781119,-0.33718415212970704,17,50,0,0
-0.6359784090537172,-0.33718415212970704,17,50,0,0
-0.6356732282285356,-0.33718415212970704,17,50,0,0
-0.6353775843041408,-0.33718415212970704,17,50,0,0
-0.6350437927765983,-0.31623321588446074,17,51,1,0
-0.6350437927765983,-0.33522914858596436,17,51,1,0
-0.6350437927765983,-0.3371180413550103,17,51,1,0
-0.6350437927765983,-0.32554192327764947,17,51,1,0
-0.6350437927765983,-0.266951640470473,17,51,1,0
-0.6353680474033534,-0.33718415212970704,17,51,1,0
-0.6356636913277488,-0.33718415212970704,17,51,1,0
-0.6357399865340438,0.20242683213978133,17,51,1,0
-0.6369130253308367,-0.33511582932133616,17,51,1,0
-0.6369130253308367,-0.33522914858596436,17,51,1,0
-0.6369130253308367,-0.3371180413550103,17,51,1,0
-0.6381814331354982,-0.33645142887414925,17,51,0,0
-0.6381814331354982,-0.3370757304592043,17,51,0,0
-0.6381909700362857,-0.3351144801218525,17,51,1,0
-0.6381909700362857,-0.3352290811259902,17,51,1,0
-0.6381909700362857,-0.3371180413550103,17,51,1,0
-0.6383721711512369,-0.33718415212970704,17,51,1,0
-0.6384103187543847,-0.3370384385854774,17,51,1,0
-0.6386678150756323,-0.33718415212970704,17,51,1,0
-0.6389729959008138,-0.33718415212970704,17,51,1,0
-0.6390206804047485,-0.3364831215700192,17,51,1,0
-0.6390111435039617,-0.3352291620779592,17,51,0,0
-0.6374375548741179,-0.33714587534035706,17,51,1,0
-0.6374280179733312,-0.33704017905281125,17,51,0,0
-0.6374375548741179,-0.3365133301464572,17,51,1,0
-0.6374280179733312,-0.3370575027741808,17,51,0,0
-0.6374280179733312,-0.33563740285770927,17,51,0,0
-0.6371800585528704,-0.33718415212970704,17,51,0,0
-0.6369702467355581,-0.33471334962338106,17,51,0,0
-0.6372468168583794,-0.3361837476966014,17,51,0,0
-0.6372563537591661,-0.33705215994422566,17,51,1,0
-0.6372468168583794,-0.3362983756847288,17,51,0,0
-0.6372468168583794,-0.3370168379017448,17,51,0,0
-0.6371800585528704,-0.33718415212970704,17,51,0,0
-0.6369130253308367,-0.33511582932133616,17,51,0,0
-0.6368748777276888,-0.33718415212970704,17,51,0,0
-0.6206335356875439,-0.33590376181976317,17,34,0,0
-0.6365887707040809,0.5617908098129434,17,46,1,1
-0.6365983076048677,-0.2581898715639492,17,51,1,0
-0.6365983076048677,-0.3370465067983893,17,51,1,0
-0.6365983076048677,-0.33165480883800585,17,51,1,0
-0.6365983076048677,-0.142048297487933,17,51,1,0
-0.6365983076048677,-0.3070609395430544,17,51,1,0
-0.6365983076048677,-0.3000269420032441,17,51,1,0
-0.6365983076048677,-0.32674244097816374,17,51,1,0
-0.6365983076048677,-0.31384511930647996,17,51,1,0
-0.6365983076048677,-0.3320529710976134,17,51,1,0
-0.6365983076048677,-0.2537048356565502,17,51,1,0
-0.6365983076048677,-0.3371180413550103,17,51,1,0
-0.6365983076048677,-0.33682531903504664,17,51,1,0
-0.6367222873150981,-0.2943477431248986,17,51,1,0
-0.636865340826902,-0.33718415212970704,17,51,1,0
-0.6371705216520835,-0.33718415212970704,17,51,1,0
-0.6372563537591661,-0.25872955135739234,17,51,1,0
-0.6372563537591661,0.4722667288613574,17,51,1,0
-0.6372563537591661,-0.24865981450347976,17,51,1,0
-0.6365983076048677,-0.33522914858596436,17,51,1,0
-0.6367127504143113,-0.3351147364697544,17,51,1,0
-0.6373421858662487,0.20242683213978133,17,51,1,0
-0.6374661655764783,-0.33718415212970704,17,51,1,0
-0.6377713464016606,-0.33718415212970704,17,51,1,0
-0.637828567806382,-0.23034273152215345,17,51,1,0
-0.6378953261118903,-0.23034220533435487,17,51,1,0
-0.6380669903260553,-0.33718415212970704,17,51,1,0
-0.6381909700362857,-0.17232994656994566,17,51,1,0
-0.6382672652425807,-0.33590376181976317,17,51,1,0
-0.6382958759449419,-0.33590376181976317,17,51,1,0
-0.6384866139606804,-0.2944842011606707,17,51,1,0
-0.6392686398252085,-0.3318021953895952,17,51,0,0
-0.6392781767259954,-0.33522898668202633,17,51,1,0
-0.639468914741734,-0.33657853695749995,17,51,1,0
-0.6394593778409472,-0.3371311555739909,17,52,0,0
-0.6394593778409472,-0.337136417451977,17,52,0,0
-0.6394593778409472,-0.33716392762944775,17,52,0,0
-0.6394593778409472,-0.33710579062369905,17,52,0,0
-0.6394593778409472,-0.3357037160123286,17,52,0,0
-0.6394593778409472,-0.3368251166551241,17,52,0,0
-0.6391160494126178,-0.3352291620779592,17,52,0,0
-0.6387822578850751,-0.3362946384021592,17,52,1,0
-0.6387822578850751,-0.3361874714871762,17,52,1,0
-0.6387822578850751,-0.3371864727528188,17,52,1,0
-0.6387822578850751,-0.3372519898797428,17,52,1,0
-0.6387822578850751,-0.33522914858596436,17,52,1,0
-0.6387822578850751,-0.3371190262706333,17,52,1,0
-0.6204046500686581,-0.33590376181976317,17,34,0,0
-0.6203378917631491,-0.3371855013291906,17,35,1,0
-0.6203474286639359,-0.33718415212970704,17,35,1,0
-0.6365887707040809,0.5101230806682311,17,46,1,1
-0.6365887707040809,0.4231106559833349,17,46,1,1
-0.6365887707040809,0.44313284378005,17,46,1,1
-0.6372563537591661,0.4722667288613574,17,51,1,1
-0.6387727209842884,-0.3352291620779592,17,52,0,0
-0.6387250364803537,-0.3371855013291906,17,52,0,0
-0.6386773519764191,-0.33718415212970704,17,52,0,0
-0.6383817080520243,-0.33718415212970704,17,52,0,0
-0.638076527226842,-0.33718415212970704,17,52,0,0
-0.6380574534252685,-0.33637140785277647,17,52,0,0
-0.6384484663575326,-0.3352291620779592,17,52,0,0
-0.6383817080520243,-0.33718415212970704,17,52,0,0
-0.638076527226842,-0.33718415212970704,17,52,0,0
-0.6380574534252685,-0.31795047698719686,17,52,0,0
-0.6380574534252685,-0.3352291620779592,17,52,0,0
-0.6373517227670354,-0.3369988665646232,17,52,1,0
-0.6373326489654618,-0.33590376181976317,17,52,1,0
-0.6373326489654618,-0.3365784290215413,17,52,1,0
-0.6373326489654618,-0.3370762566470029,17,52,1,0
-0.6203283548623623,-0.3352291620779592,17,34,0,0
-0.6203283548623623,-0.33712320878903246,17,35,0,0
-0.6203378917631491,-0.335229094617985,17,35,1,0
-0.6203378917631491,-0.3371180413550103,17,35,1,0
-0.6365887707040809,0.40201113239895886,17,46,1,1
-0.6365887707040809,0.3022126815077816,17,46,1,1
-0.6365887707040809,0.3388234388593936,17,46,1,1
-0.6365887707040809,0.3316298310206725,17,46,1,1
-0.6359688721529303,0.3564909902253215,17,48,1,1
-0.6373231120646744,-0.3352291620779592,17,52,0,0
-0.6372468168583794,-0.33701995455255196,17,52,0,0
-0.6372468168583794,-0.3352291620779592,17,52,0,0
-0.6369702467355581,-0.3355240970850759,17,52,0,0
-0.6369702467355581,-0.3352291620779592,17,52,0,0
-0.6367890456206063,-0.336161971616936,17,53,0,0
-0.6367890456206063,-0.3363201517643942,17,53,0,0
-0.6367795087198195,-0.33722113368755274,17,53,0,0
-0.6367795087198195,-0.32000507843681947,17,53,0,0
-0.6367890456206063,-0.33703144973215227,17,53,1,0
-0.6367795087198195,-0.3368181008178094,17,53,0,0
-0.6367795087198195,-0.3352291620779592,17,53,0,0
-0.6366078445056544,-0.3371855013291906,17,53,0,0
-0.6365887707040809,-0.33714127457011794,17,53,0,0
-0.6365887707040809,-0.317064255306389,17,53,0,0
-0.6365887707040809,-0.3352291620779592,17,53,0,0
-0.6358353555419132,-0.3352291620779592,17,53,0,0
-0.6356350806253878,-0.33511582932133616,17,53,0,0
-0.6356350806253878,-0.3358900539530097,17,53,0,0
-0.6354443426096491,-0.3358405518239561,17,53,1,0
-0.6354348057088622,-0.3365715076281904,17,53,0,0
-0.6352345307923368,-0.3369122344657807,17,53,0,0
-0.6351582355860411,-0.31724650517263475,17,53,0,0
-0.6351582355860411,-0.33708259788457584,17,53,0,0
-0.6350724034789587,-0.33718415212970704,17,53,0,0
-0.6350342558758107,-0.32011101758027233,17,53,0,0
-0.6350342558758107,-0.330912789598006,17,53,0,0
-0.6350342558758107,-0.33716778633997085,17,53,0,0
-0.6349579606695157,-0.3371855013291906,17,53,0,0
-0.6346909274474813,-0.337173372025833,17,53,1,0
2.6201061640494383,3.277109008627995,7,0,1,0
2.5898275314525523,3.4140508444119866,7,0,0,0
2.627305302709269,3.766371836722809,7,0,0,1
2.6690455192462625,3.7466403399315396,7,0,1,1
2.5852551085474635,2.10637034780128,7,0,0,0
2.5852558914208803,2.403089217932319,7,0,1,0
2.6717245757804995,3.383188405995216,7,0,1,1
2.633015340427659,3.382345617544199,7,0,0,0
2.5740339428624357,3.3831967839151074,7,0,0,0
2.622292302598936,5.6347974165519155,7,0,0,1
2.5743227532694664,3.4208683388282615,7,0,1,0
2.5742125037991648,3.801798035383589,7,0,0,1
2.607958446956303,3.6793150910493493,7,0,1,0
2.505186776711284,3.4751741176605675,7,0,1,0
2.514168744894342,2.82306519668323,7,0,1,0
2.5696081941652724,3.5477461878982273,7,0,0,0
2.5481242465230434,2.5143980575297102,7,0,0,0
2.6114053242333695,2.8759879767551526,7,0,1,0
2.553121918463817,2.708319623669773,7,0,0,0
2.5290755946625185,3.0909780210067637,7,0,0,0
2.666309330554241,4.597213819158557,7,0,0,1
2.585654565176871,1.7760891309144529,7,0,1,0
2.5996406450079155,3.4986966949533005,7,0,1,0
2.528482185574381,1.9478080374086753,7,0,0,0
2.570461975896191,2.717380632905727,7,0,1,0
2.6017098847312345,3.7703515392677627,7,0,0,1
2.5415360382944123,3.0791090320012833,7,0,0,0
2.6143355696998216,2.3086993987946762,7,0,0,0
2.5677794380930323,2.553202050138156,7,0,0,0
2.58251132430604,3.494202213678202,7,0,1,0
2.5677285147474103,2.543040606537738,7,0,1,0
2.6847455624430734,3.1817686563595764,7,0,1,1
2.595776987599651,3.0664884991489743,7,0,0,0
2.5459841751122427,2.596176321462089,7,0,0,0
2.6356432421633924,4.482049876817279,7,0,0,1
2.538205272235128,3.4633873564966673,7,0,1,0
2.606380152983583,1.6695850816409452,7,0,0,0
2.5029746983329955,3.1615277803180173,7,0,1,0
2.533086703191117,2.589304769454234,7,0,1,0
2.605807826442156,3.6107970552749356,7,0,1,0
2.6316340086051784,2.501111462195363,7,0,1,0
2.6045922075444516,2.9583445739272576,7,0,1,0
2.590905965089194,3.3764100357308218,7,0,1,0
2.5820626157087054,3.619783978168915,7,0,0,0
2.5259180083986177,2.226026101428307,7,0,0,0
2.5620951820782336,2.8100913003849284,7,0,1,0
2.5744552647794867,2.7153477634361574,7,0,1,0
2.646828945021325,2.5950100161091387,7,0,0,1
2.6128058637467224,4.22672072237663,7,0,1,1
2.512350900840419,3.308946305365909,7,0,1,0
2.611874379379539,2.185153757677178,7,0,0,0
2.578058138550093,3.6549351802111447,7,0,1,0
2.564141906278727,4.467351770288685,7,0,1,1
2.6255880764677437,3.732246545905672,7,0,1,0
2.645583296852863,2.010779160979092,7,0,0,1
2.640828226570037,2.709081567188087,7,0,0,1
2.5564029247776285,3.8904036818461605,7,0,0,1
2.5816759573128514,2.558352108927368,7,0,1,0
2.6122167284639444,3.335146219351349,7,0,1,0
2.6429389815184785,3.5583136801523008,7,0,0,1
2.5735714102358527,2.410438690919552,7,1,1,0
2.5875675398625435,2.995589957886253,7,1,1,0
2.543665561644734,0.8491876369881899,7,1,1,0
2.539380076593136,2.3446941093650717,7,1,1,0
2.6351654868407417,2.8653633379986063,7,1,1,0
2.6610922290445,2.1939915353355453,7,1,0,1
2.592986829139941,4.1369699918664455,7,1,1,1
2.6442735644838637,2.070972743400957,7,1,0,1
2.6136650305250697,2.738891850608298,7,1,1,0
2.56565838058898,3.123943307396826,7,1,0,0
2.6136535662386073,4.008028336389248,7,1,1,1
2.6697611067710705,2.067113511264631,7,1,0,1
2.594712249162871,3.820415714595769,7,1,1,1
2.6710298526277745,3.0426489680380078,7,1,0,1
2.4714993503420026,2.3736202651410494,7,1,1,0
2.6356126092695598,3.347480632141037,7,1,0,0
2.6005713923336766,3.1700313669537645,7,1,1,0
2.582162578885993,2.6308395973586407,7,1,0,0
2.6007961631755285,3.0828342162279743,7,1,0,0
2.5016443583370824,2.77581329475984,7,1,1,0
2.5859456510658507,3.1123245195130913,7,1,1,0
2.6134493318871423,3.4824189297886976,7,1,0,0
2.666893240457259,4.105672282384693,7,1,1,1
2.5717071378032856,2.2007157318068233,7,1,0,0
2.557867979677466,4.474689511518636,7,1,0,1
2.572494560346722,1.718867822179829,7,1,0,0
2.6400710919491335,2.93335156179564,7,1,1,1
2.6120969296478633,3.432624383309642,7,1,0,0
2.5711592435448183,3.22530278913939,7,1,0,0
2.6208954989995994,2.615672812423921,7,1,1,0
2.6010496908496266,2.895346531361658,7,1,1,0
2.6426099519281263,2.703167444486381,7,1,1,1
2.5629435425484393,2.6381604348534236,7,1,1,0
2.5807961891470943,3.6088871030028007,7,1,0,0
2.5777231132949305,3.276588302368361,7,1,0,0
2.526633611763135,2.5683091136600207,7,1,0,0
2.610540944582592,3.6426155914104585,7,1,0,0
2.6088688872191987,3.243049925156166,7,1,1,0
2.5966644287091616,3.584102323207297,7,1,0,0
2.5852344249813273,3.4604932019103134,7,1,0,0
2.52892934434747,2.4765059273915466,7,1,1,0
2.5763623325172724,2.6578477626359933,7,1,0,0
2.5800784243539883,3.5398698207842187,7,1,0,0
2.558164402464888,3.447501371182549,7,1,0,0
2.5887297669132323,3.0216455378248255,7,1,0,0
2.61568756073735,3.114894770202967,7,1,0,0
2.686362435093544,3.89765815652716,7,1,0,1
2.604745252468658,2.6366718415490817,7,1,1,0
2.6087017586855654,3.40481749979525,7,1,1,0
2.592870679502503,2.8993466365897724,7,1,0,0
2.504924942500137,2.888898064223677,7,1,0,0
2.5951562950675933,3.776980328367036,7,1,1,1
2.5992926437486923,3.592571403624407,7,1,0,0
2.7138790742705945,3.5845391381173797,7,1,0,1
2.5872479588837938,3.9164214139531572,7,1,0,1
2.6107997314977656,3.0499149338586817,7,1,1,0
2.594765382546685,3.495791046074343,7,1,0,0
2.5406927635825567,2.8264398738280394,7,1,1,0
2.650915535061133,3.2544282854065587,7,1,0,1
2.632276149721525,2.9479512768423137,7,1,1,0
2.634140562056987,3.1011792006564427,7,2,1,0
2.5530569063994855,3.437238523408874,7,2,0,0
2.663312146905122,2.4837742860683876,7,2,1,1
2.5295740235462474,4.447269663647593,7,2,0,1
2.624404585464173,2.357086681906356,7,2,1,0
2.700871385973405,2.2166544230284426,7,2,0,1
2.549187362772655,3.8170070439598125,7,2,0,1
2.56941696975034,3.569801196659539,7,2,1,0
2.601172421976387,3.4567768151544374,7,2,0,0
2.572412609256065,3.4596274660296795,7,2,0,0
2.5224779795857684,3.0274840779158705,7,2,1,0
2.5996899875076833,2.4304581803795324,7,2,0,0
2.545765170448798,3.086883483101381,7,2,0,0
2.6190036161878223,2.5789326319707464,7,2,1,0
2.5525783075508315,3.6935612681078727,7,2,1,0
2.6703284493002943,2.9365408761246248,7,2,0,1
2.5590715513655313,2.478865551900226,7,2,0,0
2.5810632524290607,2.818938941917779,7,2,1,0
2.6352127610183507,3.3143092001533927,7,2,1,0
2.5377274417257474,2.655457309946228,7,2,0,0
2.6072669102123807,2.4810760811612824,7,2,1,0
2.6587510498755127,3.200137077669697,7,2,0,1
2.5197685554424423,3.201000133336872,7,2,0,0
2.6052247700194293,2.6937620125016974,7,2,0,0
2.608812978190663,2.717983428366444,7,2,0,0
2.633701431871245,3.1922865755434127,7,2,0,0
2.5374372150259292,2.058868424831907,7,2,1,0
2.5334552775036103,2.0862710489235075,7,2,1,0
2.6213091207050927,2.551083461558905,7,2,1,0
2.6105821628850956,2.891754354282732,7,2,1,0
2.608365223373695,3.245483911193636,7,2,0,0
2.612940807074687,4.031020670739337,7,2,0,1
2.5639939545539985,3.614322708084078,7,2,0,0
2.6074954984018865,2.927851256698501,7,2,0,0
2.610395611571924,3.0229174187750876,7,2,1,0
2.562357103062164,2.3594396971807976,7,2,0,0
2.6853891280836413,3.023256790955883,7,2,0,1
2.6190150838473603,2.841016704431329,7,2,1,0
2.5396138797660415,3.2534516051957456,7,2,1,0
2.627728029199988,2.4776959667837044,7,2,1,0
2.549943384126779,3.3860967721302018,7,2,1,0
2.6339523349498415,4.069731022680722,7,2,0,1
2.65166765151163,2.962376179648776,7,2,0,1
2.5572867668272283,3.306740371723893,7,2,1,0
2.6423587088912797,3.501316706332188,7,2,0,1
2.616103849800428,2.76508252097569,7,2,0,0
2.635620126999557,3.1869184780858424,7,2,0,0
2.686868228510367,3.044240578032421,7,2,1,1
2.584719385482716,3.101638018577789,7,2,0,0
2.560479060970774,2.5142735471155135,7,2,1,0
2.554004541746359,3.052280304942984,7,2,0,0
2.5575190873224036,3.371695266409315,7,2,0,0
2.5927440392998493,4.014686850855305,7,2,0,1
2.6126882587512337,3.6828695993134644,7,2,1,0
2.609614459575109,4.488282077610401,7,2,0,1
2.635864418959114,2.51809327991817,7,2,1,0
2.5970405848301836,3.624213024018349,7,2,1,0
2.665731647487142,3.1594282174492396,7,2,1,1
2.583800566259903,4.512986241066484,7,2,0,1
2.7261305133929516,2.4904679331151782,7,2,0,1
2.626255233172061,2.4692696097940505,7,3,0,0
2.555547463194217,2.6313956238606133,7,3,0,0
2.5453556185283817,1.6029662404784424,7,3,1,0
2.6194270538488014,2.681071545838365,7,3,1,0
2.585764883999654,2.523635050237268,7,3,1,0
2.630467355435656,3.137201357242098,7,3,0,0
2.618986697436779,3.266294240735557,7,3,1,0
2.59294778549363,4.30141011143145,7,3,0,1
2.5560416576846965,3.6769014235609503,7,3,1,0
2.5241858576198353,2.6465666905607246,7,3,0,0
2.575128752077048,2.429675442391857,7,3,0,0
2.637257547743326,3.367594293803028,7,3,1,0
2.6066295500501355,2.1451167671392177,7,3,1,0
2.5370181603707245,4.271247358286241,7,3,1,1
2.6046786426059323,3.831395748628119,7,3,1,1
2.6147942641755453,2.7192399739458017,7,3,0,0
2.5542742926715634,1.88006563671621,7,3,1,0
2.603750901485088,3.9490677017638056,7,3,1,1
2.599196249929543,2.9584771976826514,7,3,1,0
2.54191862440167,3.8707763121743337,7,3,0,1
